var112,0.03502415493130684
var19_8,0.021739130839705467
var6,0.018719807267189026
var1,0.018115941435098648
var94,0.01751207746565342
var130,0.01690821163356304
var14,0.016304347664117813
var100,0.016304347664117813
var55,0.015700483694672585
var19_18,0.015096618793904781
var2,0.013285024091601372
var250,0.012681159190833569
var13,0.012681159190833569
var86,0.012077294290065765
var353,0.012077294290065765
var128,0.012077294290065765
var36,0.012077294290065765
var4,0.011473430320620537
var_sheng_10*var_shi_21,0.011473430320620537
var152~165,0.010869565419852734
var103,0.009057970717549324
var26,0.009057970717549324
var12456_108*var50,0.00845410581678152
var122,0.007246376946568489
var113,0.007246376946568489
var267,0.007246376946568489
var369,0.007246376946568489
var12,0.006642512045800686
var286*var50,0.006642512045800686
var37,0.006642512045800686
var_shi_6,0.006038647145032883
var40+var50,0.005434782709926367
var127,0.005434782709926367
var_shi_9,0.005434782709926367
var12456_114*var50,0.005434782709926367
var_shi_72,0.005434782709926367
var_shi_47,0.005434782709926367
var57,0.005434782709926367
var_shi_90,0.004830917809158564
var50+var_shi_21,0.004830917809158564
var286*var40,0.004830917809158564
var12456_114*var_shi_21,0.004830917809158564
var186,0.004830917809158564
var_shi_83,0.004830917809158564
var208,0.004830917809158564
var104,0.004830917809158564
var7*var12456_135,0.004830917809158564
var211,0.004830917809158564
var_shi_59,0.004830917809158564
var209,0.004830917809158564
var7+var12456_135,0.004830917809158564
var_sheng_21,0.004830917809158564
var7*var_shi_21,0.00422705290839076
var111,0.00422705290839076
var327,0.00422705290839076
var93,0.00422705290839076
var50*var7,0.00422705290839076
var390,0.00422705290839076
var_shi_21*var12456_135,0.00422705290839076
var12456_108*var_shi_18,0.00422705290839076
var12456_108+var7,0.00422705290839076
var73,0.00422705290839076
var61,0.00422705290839076
var_shi_43,0.00422705290839076
var429,0.0036231884732842445
var286*var_shi_21,0.0036231884732842445
var_shi_42,0.0036231884732842445
var_sheng_18,0.0036231884732842445
var7*var_shi_18,0.0036231884732842445
var433,0.0036231884732842445
var_shi_65,0.0036231884732842445
var237~265,0.0036231884732842445
var72,0.0036231884732842445
var_shi_88,0.0036231884732842445
var286+var40,0.0036231884732842445
var219,0.0036231884732842445
var27,0.0036231884732842445
var_shi_20,0.0036231884732842445
var153,0.0030193235725164413
var_shi_54,0.0030193235725164413
var_shi_55,0.0030193235725164413
var91,0.0030193235725164413
var156,0.0030193235725164413
var163,0.0030193235725164413
var_shi_95,0.0030193235725164413
var_shi_94,0.0030193235725164413
var39,0.0030193235725164413
var348,0.0030193235725164413
var337,0.0030193235725164413
var9,0.0030193235725164413
var266,0.0030193235725164413
var_shi_61,0.0030193235725164413
var_shi_53,0.0030193235725164413
var12456_108+var_shi_18,0.0030193235725164413
var286+var12456_135,0.0030193235725164413
var12456_114*var_shi_18,0.0030193235725164413
var81,0.0030193235725164413
var67,0.0030193235725164413
var_shi_11,0.0030193235725164413
var105,0.0030193235725164413
var_shi_7,0.0030193235725164413
var_shi_33,0.0030193235725164413
var12456_114*var12456_135,0.0030193235725164413
var286+var7,0.0030193235725164413
var116,0.0030193235725164413
var120,0.0030193235725164413
var19_28,0.0030193235725164413
var_shi_21+var_shi_18,0.0030193235725164413
var126_num,0.0030193235725164413
var83,0.0030193235725164413
var_shi_81,0.002415458904579282
var285,0.002415458904579282
var_shi_16,0.002415458904579282
var292,0.002415458904579282
var_shi_25,0.002415458904579282
var_shi_79,0.002415458904579282
var_shi_86,0.002415458904579282
var12456_114+var12456_135,0.002415458904579282
var_shi_67,0.002415458904579282
var_shi_69,0.002415458904579282
var12456_114+var7,0.002415458904579282
var40+var12456_135,0.002415458904579282
var428,0.002415458904579282
var40+var7,0.002415458904579282
var_shi_76,0.002415458904579282
var_shi_39,0.002415458904579282
var_sheng_10+var12456_135,0.002415458904579282
var_sheng_11,0.002415458904579282
var17_1.0,0.002415458904579282
var_shi_48,0.002415458904579282
var278,0.002415458904579282
var40*var7,0.002415458904579282
var50+var12456_135,0.002415458904579282
var47,0.002415458904579282
var121,0.002415458904579282
var97,0.002415458904579282
var125_num,0.002415458904579282
var84,0.002415458904579282
var114,0.002415458904579282
var71,0.002415458904579282
var64,0.002415458904579282
var70,0.002415458904579282
var66,0.002415458904579282
var38,0.002415458904579282
var56,0.0018115942366421223
var162,0.0018115942366421223
var96,0.0018115942366421223
var54,0.0018115942366421223
var211~227,0.0018115942366421223
var_shi_57,0.0018115942366421223
var_shi_2,0.0018115942366421223
var454,0.0018115942366421223
var307~325,0.0018115942366421223
var12456_108+var12456_135,0.0018115942366421223
var_shi_14,0.0018115942366421223
var_sheng_10*var_shi_18,0.0018115942366421223
var286+var_shi_18,0.0018115942366421223
var3_6,0.0018115942366421223
var144,0.0018115942366421223
var12456_114*var7,0.0018115942366421223
var118,0.0018115942366421223
var12456_114+var286,0.0018115942366421223
var_sheng_4,0.0018115942366421223
var12456_114+var_sheng_10,0.0018115942366421223
var12456_114+var_shi_18,0.0018115942366421223
var_shi_64,0.0018115942366421223
var_shi_5,0.0018115942366421223
var95,0.0018115942366421223
var_shi_74,0.0018115942366421223
var50+var7,0.0018115942366421223
var282,0.0018115942366421223
var269,0.0018115942366421223
var288,0.0018115942366421223
var_shi_73,0.0018115942366421223
var29,0.0018115942366421223
var33,0.0018115942366421223
var_shi_91,0.0018115942366421223
var_shi_92,0.0018115942366421223
var41,0.0018115942366421223
var40*var_shi_18,0.0018115942366421223
var43,0.0018115942366421223
var286+var50,0.0018115942366421223
var181,0.0018115942366421223
var40*var50,0.0018115942366421223
var12456_108*var12456_114,0.0018115942366421223
var173,0.0018115942366421223
var174,0.0018115942366421223
var110,0.0018115942366421223
var_sheng_8,0.0018115942366421223
var_shi_99,0.0018115942366421223
var_shi_22,0.0018115942366421223
var82,0.001207729452289641
var_shi_26,0.001207729452289641
var87,0.001207729452289641
var_shi_24,0.001207729452289641
var_shi_34,0.001207729452289641
var_shi_17,0.001207729452289641
var78,0.001207729452289641
var12456_114+var40,0.001207729452289641
var_shi_28,0.001207729452289641
var_shi_21*var_shi_18,0.001207729452289641
var89,0.001207729452289641
var_shi_19,0.001207729452289641
var268,0.001207729452289641
var_shi_37,0.001207729452289641
var49,0.001207729452289641
var5,0.001207729452289641
var_shi_80,0.001207729452289641
var10,0.001207729452289641
var_shi_82,0.001207729452289641
var28,0.001207729452289641
var44,0.001207729452289641
var_shi_68,0.001207729452289641
var_shi_97,0.001207729452289641
var_shi_98,0.001207729452289641
var12456_108+var12456_108,0.001207729452289641
var12456_108+var12456_114,0.001207729452289641
var_shi_63,0.001207729452289641
var77,0.001207729452289641
var_shi_62,0.001207729452289641
var_shi_60,0.001207729452289641
var_shi_56,0.001207729452289641
var_shi_52,0.001207729452289641
var12456_108+var_shi_21,0.001207729452289641
var_shi_50,0.001207729452289641
var12456_108*var12456_135,0.001207729452289641
var_shi_49,0.001207729452289641
var65,0.001207729452289641
var12456_114+var12456_114,0.001207729452289641
var_shi_41,0.001207729452289641
var12456_108*var_shi_21,0.001207729452289641
var98,0.001207729452289641
var19_1,0.001207729452289641
var166,0.001207729452289641
var119,0.001207729452289641
var183,0.001207729452289641
var11_182,0.001207729452289641
var193,0.001207729452289641
var210,0.001207729452289641
var346,0.001207729452289641
var227,0.001207729452289641
var179,0.001207729452289641
var_sheng_10*var50,0.001207729452289641
var371~388,0.001207729452289641
var375,0.001207729452289641
var286*var_shi_18,0.001207729452289641
var_shi_1,0.001207729452289641
var349~368,0.001207729452289641
var287,0.001207729452289641
var_shi_4,0.001207729452289641
var251,0.001207729452289641
var280,0.001207729452289641
var107,0.001207729452289641
var102,0.001207729452289641
var272,0.001207729452289641
var271,0.001207729452289641
var_sheng_5,0.001207729452289641
var167,0.0006038647261448205
var434,0.0006038647261448205
var442,0.0006038647261448205
var_shi_12,0.0006038647261448205
var447,0.0006038647261448205
var450,0.0006038647261448205
var168,0.0006038647261448205
var468,0.0006038647261448205
var52,0.0006038647261448205
var168~186,0.0006038647261448205
var51,0.0006038647261448205
var187,0.0006038647261448205
var_shi_66,0.0006038647261448205
var411,0.0006038647261448205
var389,0.0006038647261448205
var268~303,0.0006038647261448205
var373,0.0006038647261448205
var188,0.0006038647261448205
var_shi_70,0.0006038647261448205
var332,0.0006038647261448205
var_shi_71,0.0006038647261448205
var31,0.0006038647261448205
var229,0.0006038647261448205
var326,0.0006038647261448205
var296,0.0006038647261448205
var230~235,0.0006038647261448205
var391~427,0.0006038647261448205
var60,0.0006038647261448205
var_shi_31,0.0006038647261448205
var_sheng_17,0.0006038647261448205
var117,0.0006038647261448205
var79,0.0006038647261448205
var_sheng_28,0.0006038647261448205
var_sheng_31,0.0006038647261448205
var_shi_32,0.0006038647261448205
var_shi_0,0.0006038647261448205
var85,0.0006038647261448205
var_sheng_15,0.0006038647261448205
var115,0.0006038647261448205
var88,0.0006038647261448205
var_shi_3,0.0006038647261448205
var109,0.0006038647261448205
var_shi_23,0.0006038647261448205
var_shi_8,0.0006038647261448205
var99,0.0006038647261448205
var_shi_35,0.0006038647261448205
var_shi_36,0.0006038647261448205
var62,0.0006038647261448205
var16_3.0,0.0006038647261448205
var328~346,0.0006038647261448205
var_shi_51,0.0006038647261448205
var_shi_10,0.0006038647261448205
var160,0.0006038647261448205
var11_134,0.0006038647261448205
var11_186,0.0006038647261448205
var16_1.0,0.0006038647261448205
var69,0.0006038647261448205
var_shi_38,0.0006038647261448205
var137,0.0006038647261448205
var_shi_44,0.0006038647261448205
var76,0.0006038647261448205
var19_2,0.0006038647261448205
var_shi_40,0.0006038647261448205
var19_4,0.0006038647261448205
var129,0.0006038647261448205
var_shi_75,0.0006038647261448205
var11_138,0.0006038647261448205
var_shi_77,0.0006038647261448205
var_shi_78,0.0006038647261448205
var12456_135+var_shi_18,0.0006038647261448205
var50*var_shi_18,0.0006038647261448205
var7+var_shi_21,0.0006038647261448205
var50+var_shi_18,0.0006038647261448205
var40*var12456_135,0.0006038647261448205
var12456_114*var40,0.0006038647261448205
var12456_114*var_sheng_10,0.0006038647261448205
var12456_114*var286,0.0006038647261448205
var40*var_shi_21,0.0006038647261448205
var12456_135*var_shi_18,0.0006038647261448205
var12456_108*var7,0.0006038647261448205
var12456_108+var50,0.0006038647261448205
var12456_108+var40,0.0006038647261448205
var12456_108*var40,0.0006038647261448205
var40+var_shi_21,0.0006038647261448205
var_shi_96,0.0006038647261448205
var12456_108*var_sheng_10,0.0006038647261448205
var_shi_84,0.0006038647261448205
var12456_108+var286,0.0006038647261448205
var_shi_93,0.0006038647261448205
var_shi_87,0.0006038647261448205
var_sheng_10*var12456_135,0.0006038647261448205
var12456_108*var286,0.0006038647261448205
var233,0.0
var238,0.0
var237,0.0
var236,0.0
var235,0.0
var234,0.0
var255,0.0
var232,0.0
var231,0.0
var239,0.0
var50-var12456_135,0.0
var228,0.0
var261,0.0
var226,0.0
var230,0.0
var241,0.0
var240,0.0
var248,0.0
var254,0.0
var257,0.0
var253,0.0
var252,0.0
var50-var_shi_21,0.0
var50*var12456_135,0.0
var249,0.0
var247,0.0
var256,0.0
var245,0.0
var258,0.0
var244,0.0
var243,0.0
var259,0.0
var242,0.0
var260,0.0
var246,0.0
var217,0.0
var225,0.0
var224,0.0
var202,0.0
var201,0.0
var200,0.0
var199,0.0
var198,0.0
var197,0.0
var196,0.0
var195,0.0
var194,0.0
var7*var12456_114,0.0
var192,0.0
var191,0.0
var190,0.0
var189,0.0
var7+var12456_114,0.0
var7-var12456_114,0.0
var7*var286,0.0
var203,0.0
var204,0.0
var205,0.0
var215,0.0
var223,0.0
var222,0.0
var221,0.0
var220,0.0
var218,0.0
var263,0.0
var216,0.0
var214,0.0
var206,0.0
var213,0.0
var212,0.0
var50-var_shi_18,0.0
var7*var12456_108,0.0
var7+var12456_108,0.0
var7-var12456_108,0.0
var207,0.0
var262,0.0
var274,0.0
var264,0.0
var305,0.0
var323,0.0
var322,0.0
var321,0.0
var320,0.0
var319,0.0
var318,0.0
var317,0.0
var316,0.0
var315,0.0
var314,0.0
var313,0.0
var312,0.0
var311,0.0
var310,0.0
var309,0.0
var308,0.0
var307,0.0
var324,0.0
var325,0.0
var50-var12456_114,0.0
var336,0.0
var343,0.0
var342,0.0
var341,0.0
var340,0.0
var339,0.0
var338,0.0
var50-var12456_108,0.0
var335,0.0
var50+var12456_114,0.0
var334,0.0
var333,0.0
var50*var12456_114,0.0
var331,0.0
var330,0.0
var329,0.0
var328,0.0
var306,0.0
var304,0.0
var265,0.0
var303,0.0
var50-var_sheng_10,0.0
var281,0.0
var50*var40,0.0
var279,0.0
var50+var40,0.0
var277,0.0
var276,0.0
var275,0.0
var184,0.0
var273,0.0
var50-var40,0.0
var50*var50,0.0
var270,0.0
var50+var50,0.0
var50-var50,0.0
var50-var7,0.0
var50*var_shi_21,0.0
var283,0.0
var284,0.0
var50+var_sheng_10,0.0
var295,0.0
var302,0.0
var301,0.0
var300,0.0
var299,0.0
var298,0.0
var297,0.0
var50*var286,0.0
var294,0.0
var286,0.0
var293,0.0
var50+var286,0.0
var291,0.0
var290,0.0
var289,0.0
var50-var286,0.0
var50*var_sheng_10,0.0
var185,0.0
var175,0.0
var7+var286,0.0
var12456_135-var40,0.0
var75,0.0
var74,0.0
var12456_135+var50,0.0
var12456_135-var50,0.0
var12456_135*var7,0.0
var12456_135+var7,0.0
var12456_135-var7,0.0
var68,0.0
var12456_135*var_shi_21,0.0
var12456_135+var_shi_21,0.0
var12456_135-var_shi_21,0.0
var12456_135*var12456_135,0.0
var63,0.0
var12456_135+var12456_135,0.0
var12456_135-var12456_135,0.0
var59,0.0
var12456_135-var_shi_18,0.0
var12456_135*var50,0.0
var12456_135+var40,0.0
var_shi_21-var_shi_21,0.0
var12456_135*var40,0.0
var_shi_21-var12456_135,0.0
var_shi_21-var_shi_18,0.0
var12456_135*var12456_108,0.0
var12456_135+var12456_108,0.0
var92,0.0
var12456_135-var12456_108,0.0
var90,0.0
var12456_135*var12456_114,0.0
var12456_135+var12456_114,0.0
var12456_135-var12456_114,0.0
var12456_135*var286,0.0
var12456_135+var286,0.0
var12456_135-var286,0.0
var12456_135*var_sheng_10,0.0
var12456_135+var_sheng_10,0.0
var12456_135-var_sheng_10,0.0
var80,0.0
var_shi_18*var12456_108,0.0
var_shi_18+var12456_108,0.0
var53,0.0
var_shi_18-var12456_108,0.0
var30,0.0
var_shi_18*var50,0.0
var_shi_18+var50,0.0
var_shi_18-var50,0.0
var_shi_18*var7,0.0
var15,0.0
var_shi_18+var7,0.0
var_shi_18-var7,0.0
var_shi_18*var_shi_21,0.0
var_shi_18+var_shi_21,0.0
var_shi_18-var_shi_21,0.0
var8,0.0
var7,0.0
var_shi_18*var12456_135,0.0
var_shi_18+var12456_135,0.0
var_shi_18-var12456_135,0.0
var_shi_18*var_shi_18,0.0
var_shi_18-var40,0.0
var32,0.0
var_shi_18+var40,0.0
var_shi_18+var286,0.0
var_shi_18*var12456_114,0.0
var50,0.0
var_shi_18+var12456_114,0.0
var48,0.0
var_shi_18-var12456_114,0.0
var46,0.0
var_shi_18*var286,0.0
var42,0.0
var34,0.0
var_shi_18-var286,0.0
var40,0.0
var_shi_18*var_sheng_10,0.0
var_shi_18+var_sheng_10,0.0
var_shi_18-var_sheng_10,0.0
var_shi_18*var40,0.0
var35,0.0
var_shi_21+var12456_135,0.0
var_shi_21+var_shi_21,0.0
var182,0.0
var7+var50,0.0
var7-var50,0.0
var159,0.0
var158,0.0
var157,0.0
var7*var7,0.0
var155,0.0
var154,0.0
var7+var7,0.0
var152,0.0
var151,0.0
var150,0.0
var149,0.0
var148,0.0
var147,0.0
var146,0.0
var145,0.0
var7-var7,0.0
var161,0.0
var7*var50,0.0
var_shi_21*var_shi_21,0.0
var164,0.0
var7-var286,0.0
var180,0.0
var7*var_sheng_10,0.0
var178,0.0
var177,0.0
var176,0.0
var345,0.0
var7+var_sheng_10,0.0
var7-var_sheng_10,0.0
var172,0.0
var171,0.0
var170,0.0
var169,0.0
var7*var40,0.0
var7+var40,0.0
var7-var40,0.0
var165,0.0
var143,0.0
var142,0.0
var141,0.0
var140,0.0
var_shi_21+var286,0.0
var_shi_21-var286,0.0
var_shi_21*var_sheng_10,0.0
var_shi_21+var_sheng_10,0.0
var_shi_21-var_sheng_10,0.0
var_shi_21*var40,0.0
var_shi_21+var40,0.0
var_shi_21-var40,0.0
var_shi_21*var50,0.0
var108,0.0
var_shi_21+var50,0.0
var106,0.0
var_shi_21-var50,0.0
var_shi_21*var7,0.0
var_shi_21+var7,0.0
var_shi_21-var7,0.0
var101,0.0
var_shi_21*var286,0.0
var_shi_21-var12456_114,0.0
var_shi_21+var12456_114,0.0
var7-var_shi_21,0.0
var139,0.0
var138,0.0
var136,0.0
var134,0.0
var133,0.0
var132,0.0
var131,0.0
var7-var12456_135,0.0
var_shi_21*var12456_114,0.0
var7+var_shi_18,0.0
var7-var_shi_18,0.0
var_shi_21*var12456_108,0.0
var_shi_21+var12456_108,0.0
var124_num,0.0
var123,0.0
var_shi_21-var12456_108,0.0
var344,0.0
var355,0.0
var50+var12456_108,0.0
var19_25,0.0
var19_23,0.0
var19_22,0.0
var19_21,0.0
var19_20,0.0
var19_19,0.0
var_sheng_10-var_sheng_10,0.0
var19_17,0.0
var19_16,0.0
var19_15,0.0
var19_14,0.0
var19_13,0.0
var19_12,0.0
var19_11,0.0
var19_10,0.0
var19_9,0.0
var_sheng_10*var40,0.0
var19_7,0.0
var19_24,0.0
var19_26,0.0
var11_137,0.0
var19_27,0.0
var_sheng_9,0.0
var_sheng_10+var286,0.0
var_sheng_7,0.0
var_sheng_6,0.0
var_sheng_10-var286,0.0
var_sheng_10*var_sheng_10,0.0
var_sheng_3,0.0
var_sheng_2,0.0
var_sheng_1,0.0
var_sheng_0,0.0
var19_34,0.0
var19_33,0.0
var19_32,0.0
var19_31,0.0
var19_30,0.0
var19_29,0.0
var_sheng_10+var_sheng_10,0.0
var19_6,0.0
var19_5,0.0
var_sheng_10+var40,0.0
var19_3,0.0
var11_183,0.0
var_sheng_10+var_shi_21,0.0
var11_181,0.0
var11_180,0.0
var11_178,0.0
var11_176,0.0
var11_159,0.0
var11_158,0.0
var11_157,0.0
var11_156,0.0
var11_155,0.0
var11_153,0.0
var11_152,0.0
var11_151,0.0
var11_150,0.0
var11_147,0.0
var11_139,0.0
var11_184,0.0
var11_185,0.0
var_sheng_10-var7,0.0
var17_3.0,0.0
var_sheng_10-var40,0.0
var_sheng_10+var50,0.0
var19_0,0.0
var18_3.0,0.0
var18_2.0,0.0
var18_1.0,0.0
var17_4.0,0.0
var17_2.0,0.0
var11_187,0.0
var_sheng_10-var50,0.0
var16_4.0,0.0
var_sheng_10*var7,0.0
var16_2.0,0.0
var_sheng_10+var7,0.0
var11_189,0.0
var11_188,0.0
var_sheng_10,0.0
var_sheng_10*var286,0.0
var_sheng_12,0.0
var_shi_21,0.0
var12456_114*var12456_114,0.0
var12456_114-var12456_114,0.0
var12456_114-var286,0.0
var12456_114-var_sheng_10,0.0
var12456_114-var40,0.0
var12456_114+var50,0.0
var12456_114-var50,0.0
var12456_114-var7,0.0
var12456_114+var_shi_21,0.0
var_shi_30,0.0
var_shi_29,0.0
var12456_114-var_shi_21,0.0
var_shi_27,0.0
var12456_114-var12456_135,0.0
var12456_114-var_shi_18,0.0
var286*var12456_108,0.0
var286+var12456_108,0.0
var12456_114-var12456_108,0.0
var12456_114+var12456_108,0.0
var_shi_45,0.0
var12456_108-var_sheng_10,0.0
var_shi_85,0.0
var_shi_89,0.0
var12456_108*var12456_108,0.0
var12456_108-var12456_108,0.0
var12456_108-var12456_114,0.0
var12456_108-var286,0.0
var12456_108+var_sheng_10,0.0
var_shi_58,0.0
var_shi_46,0.0
var12456_108-var40,0.0
var12456_108-var50,0.0
var12456_108-var7,0.0
var12456_108-var_shi_21,0.0
var12456_108-var12456_135,0.0
var12456_108-var_shi_18,0.0
var12456_114*var12456_108,0.0
var286-var12456_108,0.0
var286*var12456_114,0.0
var_sheng_13,0.0
var286+var12456_114,0.0
var_sheng_30,0.0
var_sheng_29,0.0
var_sheng_10+var12456_108,0.0
var_sheng_27,0.0
var_sheng_26,0.0
var_sheng_25,0.0
var_sheng_24,0.0
var_sheng_23,0.0
var_sheng_22,0.0
var_sheng_10-var12456_108,0.0
var_sheng_20,0.0
var_sheng_19,0.0
var_sheng_10*var12456_114,0.0
var_sheng_10+var12456_114,0.0
var_sheng_16,0.0
var_sheng_10-var12456_114,0.0
var_sheng_14,0.0
var_sheng_10*var12456_108,0.0
var286-var_shi_18,0.0
var286-var12456_135,0.0
var286*var_sheng_10,0.0
var_shi_18,0.0
var286-var12456_114,0.0
var286*var286,0.0
var_shi_15,0.0
var286+var286,0.0
var_shi_13,0.0
var286-var286,0.0
var286+var_sheng_10,0.0
var286*var12456_135,0.0
var286-var_sheng_10,0.0
var286-var40,0.0
var286-var50,0.0
var286*var7,0.0
var286-var7,0.0
var286+var_shi_21,0.0
var286-var_shi_21,0.0
var_shi_18+var_shi_18,0.0
var11_136,0.0
var347,0.0
var410,0.0
var408,0.0
var407,0.0
var406,0.0
var405,0.0
var404,0.0
var403,0.0
var402,0.0
var401,0.0
var400,0.0
var399,0.0
var398,0.0
var397,0.0
var396,0.0
var395,0.0
var394,0.0
var393,0.0
var392,0.0
var409,0.0
var412,0.0
var11_135,0.0
var413,0.0
var430,0.0
var40-var50,0.0
var40-var7,0.0
var427,0.0
var426,0.0
var425,0.0
var424,0.0
var423,0.0
var422,0.0
var421,0.0
var420,0.0
var419,0.0
var418,0.0
var417,0.0
var416,0.0
var415,0.0
var414,0.0
var391,0.0
var40-var_shi_21,0.0
var388,0.0
var387,0.0
var365,0.0
var364,0.0
var363,0.0
var362,0.0
var361,0.0
var360,0.0
var359,0.0
var358,0.0
var357,0.0
var356,0.0
var354,0.0
var40-var_shi_18,0.0
var352,0.0
var351,0.0
var350,0.0
var349,0.0
var50*var12456_108,0.0
var366,0.0
var367,0.0
var368,0.0
var379,0.0
var386,0.0
var385,0.0
var384,0.0
var383,0.0
var382,0.0
var381,0.0
var380,0.0
var378,0.0
var40+var_shi_18,0.0
var377,0.0
var376,0.0
var374,0.0
var40-var12456_135,0.0
var372,0.0
var371,0.0
var370,0.0
var431,0.0
var432,0.0
var40-var40,0.0
var474,0.0
var189~208,0.0
var40*var286,0.0
var40+var286,0.0
var136~151,0.0
var488,0.0
var487,0.0
var486,0.0
var485,0.0
var484,0.0
var483,0.0
var482,0.0
var481,0.0
var480,0.0
var479,0.0
var478,0.0
var477,0.0
var476,0.0
var40-var12456_114,0.0
var40+var12456_114,0.0
var40*var12456_114,0.0
var3_1,0.0
var_sheng_10-var_shi_21,0.0
var11_133,0.0
var11_132,0.0
var11_131,0.0
var11_130,0.0
var3_3,0.0
var3_2,0.0
var489~532,0.0
var40-var12456_108,0.0
var469~488,0.0
var430~466,0.0
var_sheng_10-var12456_135,0.0
var_sheng_10+var_shi_18,0.0
var_sheng_10-var_shi_18,0.0
var40*var12456_108,0.0
var40+var12456_108,0.0
var475,0.0
var473,0.0
var40+var40,0.0
var472,0.0
var451,0.0
var40+var_sheng_10,0.0
var449,0.0
var448,0.0
var40-var_sheng_10,0.0
var446,0.0
var445,0.0
var444,0.0
var443,0.0
var40*var40,0.0
var441,0.0
var440,0.0
var439,0.0
var438,0.0
var437,0.0
var436,0.0
var435,0.0
var452,0.0
var453,0.0
var40*var_sheng_10,0.0
var464,0.0
var471,0.0
var470,0.0
var469,0.0
var40-var286,0.0
var467,0.0
var466,0.0
var465,0.0
var463,0.0
var455,0.0
var462,0.0
var461,0.0
var460,0.0
var459,0.0
var458,0.0
var457,0.0
var456,0.0
var_shi_18-var_shi_18,0.0
