call_ldaed-var112,0.07307692617177963
call_ldaed+call_ldaed,0.03076923079788685
call_ldaed-var103,0.026923077180981636
var28-var107,0.01923076994717121
var112*var55,0.015384615398943424
var112*var109,0.015384615398943424
call_ldaed*var112,0.013461538590490818
call_ldaed-var131,0.009615384973585606
var131*var56,0.009615384973585606
call_ldaed+var128,0.009615384973585606
var37+var127,0.009615384973585606
var100+var70,0.007692307699471712
call_ldaed+var26,0.007692307699471712
var112-var99,0.007692307699471712
var26-var96,0.007692307699471712
var37*var46,0.007692307699471712
var55-var113,0.007692307699471712
call_ldaed*call_ldaed,0.007692307699471712
var131+var120,0.007692307699471712
var100*var91,0.007692307699471712
var37*var27,0.007692307699471712
call_ldaed-var46,0.007692307699471712
var61-var28,0.005769230891019106
call_ldaed+var113,0.005769230891019106
var112-var61,0.005769230891019106
call_ldaed+var28,0.005769230891019106
var55-var107,0.005769230891019106
call_ldaed-var27,0.005769230891019106
var112*var112,0.005769230891019106
var56-var26,0.005769230891019106
var109*var28,0.005769230891019106
var100*var70,0.005769230891019106
var56*var128,0.005769230891019106
var127+var99,0.005769230891019106
var127+var55,0.005769230891019106
call_ldaed-var37,0.005769230891019106
var127*var113,0.005769230891019106
call_ldaed-var127,0.005769230891019106
var131*var119,0.003846153849735856
var127*var55,0.003846153849735856
var103+var128,0.003846153849735856
var103*var113,0.003846153849735856
var103*var96,0.003846153849735856
var131*var88,0.003846153849735856
var37-var105,0.003846153849735856
var131*var27,0.003846153849735856
var61*var96,0.003846153849735856
var103*var27,0.003846153849735856
var103-var105,0.003846153849735856
var103*var66,0.003846153849735856
var37+var56,0.003846153849735856
var131-var109,0.003846153849735856
call_ldaed-var122,0.003846153849735856
var37-var127,0.003846153849735856
var56*var101,0.003846153849735856
var131-var122,0.003846153849735856
var112-var55,0.003846153849735856
var128*var113,0.003846153849735856
var103+var88,0.003846153849735856
var61-var128,0.003846153849735856
var28*var105,0.003846153849735856
var112*var122,0.003846153849735856
var55*var119,0.003846153849735856
var127-var113,0.003846153849735856
var55*var109,0.003846153849735856
call_ldaed-var107,0.003846153849735856
var131*var127,0.003846153849735856
var127+var113,0.003846153849735856
var55+var46,0.003846153849735856
var113*var66,0.003846153849735856
var127-var27,0.003846153849735856
var86-var27,0.003846153849735856
var86*var120,0.003846153849735856
var86*var91,0.003846153849735856
var112-var26,0.003846153849735856
var86+var91,0.003846153849735856
var86*var70,0.003846153849735856
var131-var113,0.003846153849735856
var86*var66,0.003846153849735856
var55*var113,0.003846153849735856
var86-var113,0.003846153849735856
var26-var28,0.003846153849735856
call_ldaed+var86,0.003846153849735856
var88*var119,0.003846153849735856
var88-var99,0.003846153849735856
var27+var96,0.003846153849735856
call_ldaed-var56,0.003846153849735856
call_ldaed-var100,0.003846153849735856
var120+var105,0.003846153849735856
var119*var46,0.003846153849735856
call_ldaed+var100,0.003846153849735856
var56+var66,0.003846153849735856
call_ldaed-var105,0.003846153849735856
var120+var101,0.003846153849735856
call_ldaed+var112,0.003846153849735856
var56*var105,0.003846153849735856
var27*var91,0.001923076924867928
var127*var96,0.001923076924867928
var26+var46,0.001923076924867928
var127-var26,0.001923076924867928
var26*var122,0.001923076924867928
var27-var119,0.001923076924867928
var127*var128,0.001923076924867928
var127*var27,0.001923076924867928
var127-var101,0.001923076924867928
var127*var109,0.001923076924867928
var127*var66,0.001923076924867928
var127-var70,0.001923076924867928
var127*var105,0.001923076924867928
var61+var103,0.001923076924867928
var96-var122,0.001923076924867928
var61*var109,0.001923076924867928
var26*var105,0.001923076924867928
var28-var66,0.001923076924867928
var91-var109,0.001923076924867928
var61-var46,0.001923076924867928
var61-var107,0.001923076924867928
var91+var70,0.001923076924867928
var61-var109,0.001923076924867928
var61+var119,0.001923076924867928
var127*var46,0.001923076924867928
var61*var119,0.001923076924867928
var61*var26,0.001923076924867928
var61+var88,0.001923076924867928
var61-var56,0.001923076924867928
var127-var86,0.001923076924867928
var96-var66,0.001923076924867928
var127+var46,0.001923076924867928
var127+var103,0.001923076924867928
var105*var66,0.001923076924867928
var119*var66,0.001923076924867928
var120-var91,0.001923076924867928
var37+var27,0.001923076924867928
var27*var122,0.001923076924867928
var37-var26,0.001923076924867928
var37+var26,0.001923076924867928
var37-var100,0.001923076924867928
var37+var100,0.001923076924867928
var37*var100,0.001923076924867928
var37*var56,0.001923076924867928
var119*var28,0.001923076924867928
var37*var103,0.001923076924867928
var37-var86,0.001923076924867928
var37+var86,0.001923076924867928
var37*var61,0.001923076924867928
var120-var113,0.001923076924867928
var37*var127,0.001923076924867928
var66*var122,0.001923076924867928
var37*var120,0.001923076924867928
var27*var46,0.001923076924867928
var37+var120,0.001923076924867928
var119+var91,0.001923076924867928
var27-var113,0.001923076924867928
var127+var127,0.001923076924867928
var55-var88,0.001923076924867928
var105*var46,0.001923076924867928
var27*var28,0.001923076924867928
var37*var107,0.001923076924867928
var37-var66,0.001923076924867928
var27*var105,0.001923076924867928
var37*var96,0.001923076924867928
var37*var113,0.001923076924867928
var37*var128,0.001923076924867928
var119-var70,0.001923076924867928
var37-var109,0.001923076924867928
var37*var109,0.001923076924867928
var37*var119,0.001923076924867928
var55+var103,0.001923076924867928
var109+var66,0.001923076924867928
var55*var26,0.001923076924867928
var86+var70,0.001923076924867928
var70*var28,0.001923076924867928
var103*var101,0.001923076924867928
var103+var70,0.001923076924867928
var100+var107,0.001923076924867928
var70-var101,0.001923076924867928
var103*var91,0.001923076924867928
var88+var120,0.001923076924867928
var103*var119,0.001923076924867928
var88-var91,0.001923076924867928
var103-var56,0.001923076924867928
var103*var56,0.001923076924867928
var128*var66,0.001923076924867928
var128-var66,0.001923076924867928
var88-var109,0.001923076924867928
var128+var107,0.001923076924867928
var128-var107,0.001923076924867928
var128*var122,0.001923076924867928
var100-var28,0.001923076924867928
var100-var128,0.001923076924867928
var103*var105,0.001923076924867928
var56+var88,0.001923076924867928
var109*var46,0.001923076924867928
var109*var122,0.001923076924867928
var56-var105,0.001923076924867928
var56-var101,0.001923076924867928
var56*var107,0.001923076924867928
var56+var120,0.001923076924867928
var56*var46,0.001923076924867928
var109-var101,0.001923076924867928
var100-var119,0.001923076924867928
var56*var88,0.001923076924867928
var56+var100,0.001923076924867928
var101*var113,0.001923076924867928
var101+var113,0.001923076924867928
var101-var28,0.001923076924867928
var103-var66,0.001923076924867928
var56+var122,0.001923076924867928
var99*var107,0.001923076924867928
var99-var105,0.001923076924867928
var55-var26,0.001923076924867928
var86-var91,0.001923076924867928
var26*var70,0.001923076924867928
var26+var70,0.001923076924867928
var26-var109,0.001923076924867928
var55-var66,0.001923076924867928
var113+var122,0.001923076924867928
var55+var66,0.001923076924867928
var55*var105,0.001923076924867928
var55-var28,0.001923076924867928
var26-var101,0.001923076924867928
var55+var113,0.001923076924867928
var26-var113,0.001923076924867928
var55-var128,0.001923076924867928
var55-var109,0.001923076924867928
var91-var113,0.001923076924867928
var55-var99,0.001923076924867928
var55-var91,0.001923076924867928
var109*var107,0.001923076924867928
var55*var122,0.001923076924867928
var91-var46,0.001923076924867928
var113*var105,0.001923076924867928
var86*var27,0.001923076924867928
var99-var28,0.001923076924867928
var99-var113,0.001923076924867928
var88*var105,0.001923076924867928
var86-var120,0.001923076924867928
var86+var120,0.001923076924867928
var99-var128,0.001923076924867928
var88+var107,0.001923076924867928
var86*var88,0.001923076924867928
var91*var122,0.001923076924867928
var86*var100,0.001923076924867928
var86*var56,0.001923076924867928
var86+var103,0.001923076924867928
var86*var103,0.001923076924867928
var113-var28,0.001923076924867928
var113*var96,0.001923076924867928
var113-var96,0.001923076924867928
var131*var96,0.001923076924867928
var86+var27,0.001923076924867928
var107*var46,0.001923076924867928
var112-var101,0.001923076924867928
var112+var105,0.001923076924867928
call_ldaed+var105,0.001923076924867928
call_ldaed-var128,0.001923076924867928
var131+var100,0.001923076924867928
var112+var100,0.001923076924867928
var131+var127,0.001923076924867928
var112-var109,0.001923076924867928
var131+var101,0.001923076924867928
var112+var55,0.001923076924867928
var112+var109,0.001923076924867928
var112*var86,0.001923076924867928
var131*var100,0.001923076924867928
var112-var91,0.001923076924867928
call_ldaed+var61,0.001923076924867928
var112-var70,0.001923076924867928
var131-var70,0.001923076924867928
var112-var96,0.001923076924867928
call_ldaed*var103,0.001923076924867928
var112+var112,0.001923076924867928
var131*var70,0.001923076924867928
var46*var46,0.001923076924867928
var112*var27,0.001923076924867928
var112+var70,0.001923076924867928
call_ldaed-var66,0.001923076924867928
call_ldaed*var91,0.001923076924867928
var112*var131,0.001923076924867928
call_ldaed-var99,0.001923076924867928
call_ldaed*var131,0.001923076924867928
var131*var113,0.001923076924867928
var112*var127,0.001923076924867928
var131-var88,0.001923076924867928
var112+var27,0.001923076924867928
var112-var131,0.001923076924867928
var131+var128,0.001923076924867928
var100-var107,0.0
var100+var28,0.0
var100*var46,0.0
call_ldaed-var109,0.0
call_ldaed-var101,0.0
var100+var46,0.0
var100-var105,0.0
call_ldaed*var101,0.0
var100+var105,0.0
var100*var96,0.0
var100*var107,0.0
var100-var66,0.0
var100+var66,0.0
var100+var96,0.0
var100-var96,0.0
var100*var66,0.0
var100*var105,0.0
call_ldaed+var101,0.0
var131+var113,0.0
var100+var128,0.0
var100*var28,0.0
var100-var113,0.0
var100+var26,0.0
var100-var26,0.0
var100*var27,0.0
var100+var27,0.0
var100-var27,0.0
var100*var120,0.0
var100+var120,0.0
var100-var120,0.0
var100*var119,0.0
var100+var119,0.0
call_ldaed*var28,0.0
call_ldaed-var113,0.0
var100+var91,0.0
var100-var91,0.0
var100*var99,0.0
var100+var99,0.0
var100-var99,0.0
call_ldaed*var113,0.0
var100-var70,0.0
var100*var109,0.0
var100+var109,0.0
var100-var109,0.0
var100*var101,0.0
var100+var101,0.0
var100-var101,0.0
var100*var128,0.0
call_ldaed*var128,0.0
var100*var113,0.0
var100+var113,0.0
var100-var46,0.0
var88-var112,0.0
var100*var122,0.0
var88-var27,0.0
var88-var119,0.0
var88+var119,0.0
call_ldaed*var109,0.0
var88-var120,0.0
call_ldaed+var109,0.0
var88*var120,0.0
var88+var27,0.0
var88-var100,0.0
var88*var27,0.0
var88-var26,0.0
var88+var26,0.0
var88*var26,0.0
var88-var88,0.0
var88+var88,0.0
var88*var91,0.0
var88+var91,0.0
call_ldaed-var70,0.0
var88*var99,0.0
var88+var99,0.0
call_ldaed+var70,0.0
var88*var70,0.0
var88+var70,0.0
var88-var70,0.0
var88*var109,0.0
var88+var109,0.0
call_ldaed*var70,0.0
var88*var101,0.0
var88+var101,0.0
var88-var101,0.0
var88*var128,0.0
var88+var128,0.0
var88*var88,0.0
var88+var100,0.0
var100+var122,0.0
var88*var131,0.0
var88*var127,0.0
var88-var37,0.0
var88+var37,0.0
var88*var37,0.0
var88-var131,0.0
var88+var131,0.0
var100-var88,0.0
var88*var100,0.0
var88+var112,0.0
var88*var112,0.0
var88-call_ldaed,0.0
var88+call_ldaed,0.0
var88*call_ldaed,0.0
var100-var122,0.0
var88+var127,0.0
var88-var127,0.0
var88*var61,0.0
var88+var61,0.0
var88-var61,0.0
var88*var55,0.0
var88+var55,0.0
var88-var55,0.0
var88*var86,0.0
var88+var86,0.0
var88-var86,0.0
var88*var103,0.0
var88+var103,0.0
var88-var103,0.0
var88*var56,0.0
var88+var56,0.0
var88-var56,0.0
var100*var26,0.0
var100-var86,0.0
var100+var88,0.0
var112*call_ldaed,0.0
var56*var56,0.0
var56+var56,0.0
var56-var56,0.0
var56*var100,0.0
var56-var100,0.0
var112-call_ldaed,0.0
var56-var88,0.0
var56*var26,0.0
var56+var26,0.0
var112+call_ldaed,0.0
var56*var27,0.0
var56+var27,0.0
var56-var27,0.0
var56*var120,0.0
var56-var120,0.0
var56+var103,0.0
var56*var119,0.0
var56+var119,0.0
var56-var119,0.0
var56*var91,0.0
var56+var91,0.0
var56-var91,0.0
var56*var99,0.0
var56+var99,0.0
var56-var99,0.0
var56*var70,0.0
var56+var70,0.0
var56-var70,0.0
var56*var109,0.0
var56+var109,0.0
var56-var103,0.0
var56*var103,0.0
call_ldaed+var122,0.0
var56+var131,0.0
var112+var131,0.0
var103+var46,0.0
var103-var46,0.0
var103*var122,0.0
var112-var112,0.0
var103+var122,0.0
var103-var122,0.0
var56*call_ldaed,0.0
var56+call_ldaed,0.0
var56-call_ldaed,0.0
var56*var112,0.0
var56+var112,0.0
var56-var112,0.0
var56*var131,0.0
var56-var131,0.0
var56-var86,0.0
var56*var37,0.0
var56+var37,0.0
var56-var37,0.0
var56*var127,0.0
var56+var127,0.0
var56-var127,0.0
var56*var61,0.0
var56+var61,0.0
var56-var61,0.0
var56*var55,0.0
var56+var55,0.0
var56-var55,0.0
var56*var86,0.0
var56+var86,0.0
var56-var109,0.0
var56+var101,0.0
var100*var88,0.0
var100-var61,0.0
var100*var112,0.0
var100+var112,0.0
var100-var112,0.0
var100*var131,0.0
var100+var131,0.0
var100-var131,0.0
var100*var37,0.0
var100+var37,0.0
var100-var37,0.0
var100*var127,0.0
var100+var127,0.0
var100-var127,0.0
var100*var61,0.0
var100+var61,0.0
var100*var55,0.0
var100+call_ldaed,0.0
var100+var55,0.0
var100-var55,0.0
var100*var86,0.0
var100+var86,0.0
var88*var113,0.0
var100*var103,0.0
var100+var103,0.0
var100-var103,0.0
var100*var56,0.0
var100+var56,0.0
var100-var56,0.0
var100*var100,0.0
var100+var100,0.0
var100-var100,0.0
var100-call_ldaed,0.0
var100*call_ldaed,0.0
call_ldaed*var122,0.0
var56-var96,0.0
call_ldaed+var46,0.0
var56+var128,0.0
var56-var128,0.0
call_ldaed*var46,0.0
var56*var113,0.0
var56+var113,0.0
call_ldaed+var107,0.0
var56-var113,0.0
var56*var28,0.0
call_ldaed*var107,0.0
var56+var28,0.0
var56-var28,0.0
var56*var96,0.0
var56+var96,0.0
call_ldaed+var66,0.0
var56-var122,0.0
var56+var105,0.0
call_ldaed*var66,0.0
var56*var66,0.0
call_ldaed*var105,0.0
var56-var66,0.0
call_ldaed-var96,0.0
var56+var107,0.0
var56-var107,0.0
call_ldaed+var96,0.0
var56+var46,0.0
call_ldaed*var96,0.0
var56-var46,0.0
var56*var122,0.0
call_ldaed-var28,0.0
var88-var128,0.0
call_ldaed*var99,0.0
call_ldaed+var99,0.0
var27-var101,0.0
var27+var113,0.0
var27*var113,0.0
var27-var128,0.0
var27+var128,0.0
call_ldaed-var55,0.0
var27*var128,0.0
var27+var101,0.0
var27*var70,0.0
var27*var101,0.0
var27-var109,0.0
var27+var109,0.0
var27*var109,0.0
var27-var70,0.0
call_ldaed*var86,0.0
call_ldaed+var55,0.0
call_ldaed*var55,0.0
var27+var28,0.0
var27-var28,0.0
var27*var96,0.0
call_ldaed-var61,0.0
var27-var96,0.0
call_ldaed*var61,0.0
var27+var105,0.0
var27-var105,0.0
var27*var66,0.0
var27+var66,0.0
var27-var66,0.0
var27*var107,0.0
call_ldaed+var127,0.0
var27+var107,0.0
var27-var107,0.0
var27+var70,0.0
var27-var99,0.0
var27+var46,0.0
var27+var56,0.0
var27+var88,0.0
var27*var88,0.0
var27-var100,0.0
var27+var100,0.0
var27*var100,0.0
var27-var56,0.0
var27*var56,0.0
var27+var99,0.0
var27-var103,0.0
var27+var103,0.0
var27*var103,0.0
var27-var86,0.0
var27+var86,0.0
var27*var86,0.0
var27-var88,0.0
var27*var26,0.0
var27+var26,0.0
var27-var26,0.0
var27*var27,0.0
var27+var27,0.0
var27-var27,0.0
var27*var120,0.0
var27+var120,0.0
var27-var120,0.0
var27*var119,0.0
var27+var119,0.0
call_ldaed+var103,0.0
var27+var91,0.0
var27-var91,0.0
call_ldaed-var86,0.0
var27*var99,0.0
call_ldaed*var127,0.0
var27-var46,0.0
var27+var55,0.0
var120+var27,0.0
var120+var119,0.0
var120*var119,0.0
var120-var120,0.0
var120+var120,0.0
var120*var120,0.0
var120-var27,0.0
var120*var27,0.0
var120+var100,0.0
var120-var26,0.0
var120+var26,0.0
var120*var26,0.0
var120-var88,0.0
var120+var88,0.0
var120*var88,0.0
var120-var119,0.0
var120*var91,0.0
var120+var91,0.0
call_ldaed*var37,0.0
var120*var99,0.0
var120+var99,0.0
var120-var99,0.0
call_ldaed+var131,0.0
var120*var70,0.0
var120+var70,0.0
var120-var70,0.0
var120*var109,0.0
var120+var109,0.0
var120-var109,0.0
var120*var101,0.0
call_ldaed-call_ldaed,0.0
var120-var101,0.0
var120-var100,0.0
var120*var100,0.0
call_ldaed+var37,0.0
var120-var112,0.0
var120-var37,0.0
var120+var37,0.0
var120*var37,0.0
var120-var131,0.0
var120+var131,0.0
var120*var131,0.0
var120+var112,0.0
var120-var56,0.0
var120*var112,0.0
var120-call_ldaed,0.0
var120+call_ldaed,0.0
var120*call_ldaed,0.0
var27-var122,0.0
var27+var122,0.0
var120*var127,0.0
var120+var127,0.0
var120-var127,0.0
var120*var61,0.0
var120+var61,0.0
var120-var61,0.0
var120*var55,0.0
var120+var55,0.0
var120-var55,0.0
var120*var86,0.0
var120+var86,0.0
var120-var86,0.0
var120*var103,0.0
var120+var103,0.0
var120-var103,0.0
var120*var56,0.0
var120+var56,0.0
var27-var55,0.0
var27*var55,0.0
var88+var113,0.0
var26*var55,0.0
var26*var103,0.0
var26-var86,0.0
var26+var86,0.0
var26*var86,0.0
var26-var55,0.0
var26+var55,0.0
var26-var61,0.0
var26*var37,0.0
var26+var61,0.0
var26*var61,0.0
var26-var127,0.0
var26+var127,0.0
var26*var127,0.0
var26-var37,0.0
var26+var103,0.0
var26-var103,0.0
var26*var56,0.0
var26+var56,0.0
var26-var56,0.0
var26*var100,0.0
var26+var100,0.0
var26-var100,0.0
var26*var88,0.0
var26+var88,0.0
var26-var88,0.0
var26*var26,0.0
var26+var26,0.0
var26-var26,0.0
var26*var27,0.0
var26+var27,0.0
var26-var27,0.0
var26+var37,0.0
var26-var131,0.0
var26+var120,0.0
call_ldaed-var91,0.0
var88+var66,0.0
var88*var66,0.0
var88-var105,0.0
var88+var105,0.0
call_ldaed+var91,0.0
var88-var96,0.0
var88+var96,0.0
var26+var131,0.0
var88*var96,0.0
var103-var107,0.0
var88-var28,0.0
var88+var28,0.0
var88*var28,0.0
var88-var113,0.0
var88-var66,0.0
var88*var107,0.0
call_ldaed-var119,0.0
var88-var107,0.0
var88*var46,0.0
var88+var46,0.0
var88-var46,0.0
var88*var122,0.0
var88+var122,0.0
var88-var122,0.0
var26*call_ldaed,0.0
var26+call_ldaed,0.0
var26-call_ldaed,0.0
var26*var112,0.0
var26+var112,0.0
var26-var112,0.0
var26*var131,0.0
var26*var120,0.0
var26-var120,0.0
var27-var61,0.0
var26-var107,0.0
var26-var122,0.0
var26+var122,0.0
call_ldaed*var56,0.0
var26-var46,0.0
call_ldaed+var56,0.0
var26*var46,0.0
var26+var107,0.0
var26+var105,0.0
var26*var107,0.0
call_ldaed*var100,0.0
var26-var66,0.0
var26+var66,0.0
var26*var66,0.0
call_ldaed*var88,0.0
var27*call_ldaed,0.0
var27+call_ldaed,0.0
var27-call_ldaed,0.0
var27*var112,0.0
var27+var112,0.0
var27-var112,0.0
var27*var131,0.0
var27+var131,0.0
var27-var131,0.0
var27*var37,0.0
var27+var37,0.0
var27-var37,0.0
var27*var127,0.0
var27+var127,0.0
var27-var127,0.0
var27*var61,0.0
var27+var61,0.0
var26-var105,0.0
call_ldaed+var88,0.0
var26*var119,0.0
call_ldaed+var119,0.0
var26*var109,0.0
var26-var70,0.0
call_ldaed+var120,0.0
call_ldaed-var120,0.0
var26-var99,0.0
call_ldaed*var119,0.0
var26+var99,0.0
call_ldaed-var88,0.0
var26*var99,0.0
var26-var91,0.0
var26+var91,0.0
var26*var91,0.0
var26-var119,0.0
var26+var119,0.0
var26+var109,0.0
call_ldaed*var120,0.0
var26*var101,0.0
var26+var101,0.0
call_ldaed+var27,0.0
var26*var128,0.0
var26+var128,0.0
var26-var128,0.0
var26*var113,0.0
var26+var113,0.0
call_ldaed*var27,0.0
var26*var28,0.0
call_ldaed-var26,0.0
var26+var28,0.0
call_ldaed*var26,0.0
var26*var96,0.0
var26+var96,0.0
var103*var46,0.0
var103+var28,0.0
var103+var107,0.0
var127-var96,0.0
var127-var66,0.0
var127+var66,0.0
var131-var131,0.0
var127-var105,0.0
var127+var105,0.0
var131*var37,0.0
var127+var96,0.0
var61+var131,0.0
var131+var37,0.0
var127-var28,0.0
var127+var28,0.0
var127*var28,0.0
var131-var37,0.0
var131-var127,0.0
var127*var107,0.0
var127+var107,0.0
var127-var107,0.0
var131+var131,0.0
var131*var131,0.0
var131-var112,0.0
var127-var46,0.0
var127*var122,0.0
var127+var122,0.0
var127-var122,0.0
var61*call_ldaed,0.0
var61+call_ldaed,0.0
var131+var112,0.0
var61-call_ldaed,0.0
var61*var112,0.0
var61+var112,0.0
var61-var112,0.0
var127-var128,0.0
var127+var128,0.0
var131*var61,0.0
var127+var119,0.0
var127-var100,0.0
var127*var88,0.0
var127+var88,0.0
var127-var88,0.0
var127*var26,0.0
var127+var26,0.0
var131+var86,0.0
var131*var86,0.0
var127+var27,0.0
var131-var55,0.0
var127*var120,0.0
var127+var120,0.0
var127-var120,0.0
var127*var119,0.0
var127-var119,0.0
var131+var61,0.0
var127*var91,0.0
var127+var91,0.0
var127-var91,0.0
var127*var99,0.0
var131+var55,0.0
var127-var99,0.0
var127*var70,0.0
var127+var70,0.0
var131*var55,0.0
var131-var61,0.0
var127+var109,0.0
var127-var109,0.0
var127*var101,0.0
var127+var101,0.0
var61*var131,0.0
var61-var131,0.0
var61-var105,0.0
var61+var99,0.0
var61+var109,0.0
var112+var122,0.0
var61-var70,0.0
var61+var70,0.0
var61*var70,0.0
var61-var99,0.0
var61*var99,0.0
var61*var37,0.0
var61-var91,0.0
var61+var91,0.0
var61*var91,0.0
var61-var119,0.0
var112-var122,0.0
var131*call_ldaed,0.0
var112-var46,0.0
var61*var101,0.0
var61+var101,0.0
var61-var101,0.0
var61*var128,0.0
var61+var128,0.0
var112+var46,0.0
var61*var113,0.0
var61+var113,0.0
var61-var113,0.0
var61*var28,0.0
var61+var28,0.0
var112*var46,0.0
var112-var107,0.0
var61+var96,0.0
var61-var96,0.0
var61*var105,0.0
var61-var120,0.0
var61+var120,0.0
var61*var120,0.0
var61*var103,0.0
var61+var37,0.0
var61-var37,0.0
var61*var127,0.0
var61+var127,0.0
var61-var127,0.0
var61*var61,0.0
var61+var61,0.0
var61-var61,0.0
var61*var55,0.0
var61+var55,0.0
var61-var55,0.0
var61*var86,0.0
var61+var86,0.0
var61-var86,0.0
var131*var112,0.0
var61-var27,0.0
var61-var103,0.0
var61*var56,0.0
var61+var56,0.0
var61*var100,0.0
var61+var100,0.0
var61-var100,0.0
var61*var88,0.0
var131-call_ldaed,0.0
var61-var88,0.0
var131+call_ldaed,0.0
var61+var26,0.0
var61-var26,0.0
var61*var27,0.0
var61+var27,0.0
var127+var100,0.0
var127*var100,0.0
var127-var56,0.0
var131*var109,0.0
var131+var99,0.0
var131-var99,0.0
var37-var56,0.0
var131+var70,0.0
var37-var103,0.0
var37+var103,0.0
var131+var109,0.0
var127+var56,0.0
var37*var86,0.0
var37-var55,0.0
var37+var55,0.0
var37*var55,0.0
var37-var61,0.0
var37+var61,0.0
var131*var99,0.0
var37*var88,0.0
var37+var88,0.0
var37-var88,0.0
var37*var26,0.0
var131-var91,0.0
var131+var91,0.0
var131*var91,0.0
var131-var119,0.0
var37-var27,0.0
var131+var119,0.0
var131-var120,0.0
var37-var120,0.0
var131*var120,0.0
var37+var119,0.0
var37-var119,0.0
var37*var91,0.0
var131*var101,0.0
var131-var101,0.0
var131*var128,0.0
var131+var46,0.0
var131+var28,0.0
var131-var28,0.0
var131+var96,0.0
var131-var96,0.0
var131*var105,0.0
var131+var105,0.0
var131-var105,0.0
var131*var66,0.0
var131+var66,0.0
var131-var66,0.0
var131*var107,0.0
var131+var107,0.0
var131-var107,0.0
var131*var46,0.0
var131-var46,0.0
var37-var37,0.0
var131*var122,0.0
var131+var122,0.0
var131-var128,0.0
var37*call_ldaed,0.0
var37+call_ldaed,0.0
var37-call_ldaed,0.0
var37*var112,0.0
var37+var112,0.0
var37-var112,0.0
var37*var131,0.0
var37+var131,0.0
var37-var131,0.0
var37*var37,0.0
var37+var37,0.0
var37+var91,0.0
var37-var91,0.0
var37*var99,0.0
var127*var127,0.0
var37-var122,0.0
var127*call_ldaed,0.0
var127+call_ldaed,0.0
var127-call_ldaed,0.0
var127*var112,0.0
var127+var112,0.0
var127-var112,0.0
var131-var56,0.0
var127*var131,0.0
var127+var131,0.0
var127-var131,0.0
var127*var37,0.0
var127+var37,0.0
var127-var37,0.0
var131+var56,0.0
var37*var122,0.0
var127-var127,0.0
var127*var61,0.0
var127+var61,0.0
var127-var61,0.0
var131-var103,0.0
var131+var103,0.0
var127-var55,0.0
var127*var86,0.0
var127+var86,0.0
var131*var103,0.0
var127*var103,0.0
var131-var86,0.0
var127-var103,0.0
var127*var56,0.0
var37+var122,0.0
var37-var46,0.0
var37+var99,0.0
var37+var113,0.0
var37-var99,0.0
var37*var70,0.0
var37+var70,0.0
var37-var70,0.0
var131-var27,0.0
var37+var109,0.0
var131+var27,0.0
var37*var101,0.0
var37+var101,0.0
var37-var101,0.0
var131-var26,0.0
var37+var128,0.0
var37-var128,0.0
var131+var26,0.0
var37-var113,0.0
var37+var46,0.0
var37*var28,0.0
var37+var28,0.0
var37-var28,0.0
var131*var26,0.0
var37+var96,0.0
var37-var96,0.0
var37*var105,0.0
var37+var105,0.0
var37*var66,0.0
var37+var66,0.0
var131+var88,0.0
var131-var100,0.0
var37+var107,0.0
var37-var107,0.0
var61+var105,0.0
var61*var66,0.0
var103*var107,0.0
var112*var100,0.0
var86*var107,0.0
var86-var66,0.0
var112*var56,0.0
var86+var66,0.0
var112+var56,0.0
var112-var56,0.0
var86-var105,0.0
var103*var37,0.0
var86+var105,0.0
var86*var105,0.0
var112-var100,0.0
var86-var96,0.0
var86+var96,0.0
var86*var96,0.0
var86+var107,0.0
var86-var107,0.0
var86*var46,0.0
var86+var46,0.0
var86-var46,0.0
var86*var122,0.0
var86+var122,0.0
var86-var122,0.0
var103*call_ldaed,0.0
var112-var103,0.0
var103+call_ldaed,0.0
var103-call_ldaed,0.0
var103*var112,0.0
var103+var112,0.0
var103-var112,0.0
var103*var131,0.0
var103+var131,0.0
var86-var28,0.0
var86+var28,0.0
var86*var28,0.0
var86+var99,0.0
var86*var26,0.0
var86+var26,0.0
var86-var26,0.0
var112-var120,0.0
var120+var128,0.0
var112+var120,0.0
var112*var120,0.0
var112-var27,0.0
var86*var119,0.0
var86+var119,0.0
var86-var119,0.0
var112+var26,0.0
var112*var26,0.0
var86*var99,0.0
var86-var99,0.0
var112*var88,0.0
var112-var88,0.0
var112+var88,0.0
var86-var70,0.0
var86*var109,0.0
var86+var109,0.0
var86-var109,0.0
var86*var101,0.0
var86+var101,0.0
var86-var101,0.0
var86*var128,0.0
var86+var128,0.0
var86-var128,0.0
var86*var113,0.0
var86+var113,0.0
var103-var131,0.0
var103+var37,0.0
var61+var66,0.0
var112+var61,0.0
var103+var101,0.0
var112*var61,0.0
var103-var109,0.0
var103+var109,0.0
var103*var109,0.0
var103-var70,0.0
var103*var70,0.0
var103-var37,0.0
var103-var99,0.0
var103+var99,0.0
var103*var99,0.0
var103-var91,0.0
var103+var91,0.0
var103-var119,0.0
var103-var101,0.0
var103*var128,0.0
var112-var127,0.0
var103-var128,0.0
var112+var127,0.0
var103+var113,0.0
var103-var113,0.0
var103*var28,0.0
var131*var28,0.0
var103-var28,0.0
var103+var96,0.0
var103-var96,0.0
var112-var37,0.0
var103+var105,0.0
var112+var37,0.0
var112*var37,0.0
var103+var66,0.0
var103+var119,0.0
var103-var120,0.0
var103+var120,0.0
var103-var103,0.0
var103*var127,0.0
var103+var127,0.0
var103-var127,0.0
var103*var61,0.0
var103+var61,0.0
var103-var61,0.0
var103*var55,0.0
var103+var55,0.0
var103-var55,0.0
var103*var86,0.0
var103+var86,0.0
var103-var86,0.0
var103*var103,0.0
var103+var103,0.0
var112+var103,0.0
var103*var120,0.0
var103+var56,0.0
var112*var103,0.0
var103*var100,0.0
var103+var100,0.0
var103-var100,0.0
var103*var88,0.0
var112-var86,0.0
var103-var88,0.0
var103*var26,0.0
var103+var26,0.0
var103-var26,0.0
var112+var86,0.0
var103+var27,0.0
var103-var27,0.0
var86-var88,0.0
var86+var88,0.0
var112*var119,0.0
var55+var56,0.0
var55+var88,0.0
var55*var88,0.0
var55-var100,0.0
var55+var100,0.0
var55*var100,0.0
var55-var56,0.0
var55*var56,0.0
var86-var100,0.0
var55-var103,0.0
var112-var105,0.0
var55*var103,0.0
var55-var86,0.0
var55+var86,0.0
var55*var86,0.0
var112*var105,0.0
var55+var26,0.0
var55*var27,0.0
var55+var27,0.0
var55-var27,0.0
var55*var120,0.0
var55+var120,0.0
var55-var120,0.0
var112+var96,0.0
var55+var119,0.0
var55-var119,0.0
var55*var91,0.0
var55+var91,0.0
var112*var96,0.0
var55*var99,0.0
var55+var99,0.0
var112-var28,0.0
var55-var55,0.0
var55+var55,0.0
var55*var55,0.0
var55-call_ldaed,0.0
var61-var66,0.0
var61*var107,0.0
var61+var107,0.0
var112+var107,0.0
var61*var46,0.0
var61+var46,0.0
var112*var107,0.0
var61*var122,0.0
var112-var66,0.0
var61+var122,0.0
var61-var122,0.0
var112+var66,0.0
var55*call_ldaed,0.0
var55+call_ldaed,0.0
var55*var112,0.0
var55-var61,0.0
var112*var66,0.0
var55+var112,0.0
var55-var112,0.0
var55*var131,0.0
var55+var131,0.0
var55-var131,0.0
var55*var37,0.0
var55+var37,0.0
var55-var37,0.0
var55*var127,0.0
var55+var127,0.0
var55-var127,0.0
var55*var61,0.0
var55+var61,0.0
var55*var70,0.0
var55+var70,0.0
var55-var70,0.0
var86+var61,0.0
var86-call_ldaed,0.0
var86*var112,0.0
var86+var112,0.0
var86-var112,0.0
var86*var131,0.0
var86+var131,0.0
var86-var131,0.0
var86*var37,0.0
var86+var37,0.0
var86-var37,0.0
var86*var127,0.0
var86+var127,0.0
var86-var127,0.0
var86*var61,0.0
var86-var61,0.0
var86+call_ldaed,0.0
var86*var55,0.0
var86+var55,0.0
var86-var55,0.0
var86*var86,0.0
var86+var86,0.0
var86-var86,0.0
var112+var91,0.0
var112*var91,0.0
var86-var103,0.0
var112-var119,0.0
var86+var56,0.0
var86-var56,0.0
var112+var119,0.0
var86+var100,0.0
var112*var99,0.0
var112+var99,0.0
var112+var28,0.0
var55*var96,0.0
var55+var109,0.0
var112*var28,0.0
var55*var101,0.0
var55+var101,0.0
var55-var101,0.0
var55*var128,0.0
var55+var128,0.0
var112-var113,0.0
var112+var113,0.0
var112*var113,0.0
var112-var128,0.0
var55*var28,0.0
var55+var28,0.0
var112+var128,0.0
var55+var96,0.0
var112*var70,0.0
var55-var96,0.0
var112*var128,0.0
var55+var105,0.0
var55-var105,0.0
var55*var66,0.0
var112+var101,0.0
var112*var101,0.0
var55*var107,0.0
var55+var107,0.0
var55*var46,0.0
var55-var46,0.0
var55+var122,0.0
var55-var122,0.0
var86*call_ldaed,0.0
var120*var128,0.0
var122-var122,0.0
var120-var128,0.0
var105*var37,0.0
var105+var131,0.0
var105*var131,0.0
var105-var112,0.0
var105+var112,0.0
var105*var112,0.0
var105-call_ldaed,0.0
var105+call_ldaed,0.0
var105*call_ldaed,0.0
var96+var122,0.0
var96*var122,0.0
var96-var46,0.0
var96+var46,0.0
var96*var46,0.0
var96-var107,0.0
var96+var107,0.0
var96*var107,0.0
var96+var66,0.0
var105-var131,0.0
var105+var37,0.0
var105*var100,0.0
var105-var37,0.0
var105+var56,0.0
var105*var56,0.0
var105-var103,0.0
var105+var103,0.0
var105*var103,0.0
var105-var86,0.0
var105+var86,0.0
var105*var86,0.0
var105-var55,0.0
var105+var55,0.0
var105*var55,0.0
var105-var61,0.0
var105+var61,0.0
var105*var61,0.0
var105-var127,0.0
var105+var127,0.0
var105*var127,0.0
var96*var66,0.0
var96-var105,0.0
var96+var105,0.0
var96*var105,0.0
var96*var70,0.0
var96-var99,0.0
var96+var99,0.0
var96*var99,0.0
var96-var91,0.0
var96+var91,0.0
var96*var91,0.0
var96-var119,0.0
var96+var119,0.0
var96*var119,0.0
var96-var120,0.0
var96+var120,0.0
var96*var120,0.0
var96-var27,0.0
var96+var27,0.0
var96*var27,0.0
var96-var26,0.0
var96+var70,0.0
var96-var70,0.0
var96*var109,0.0
var96+var113,0.0
var96-var96,0.0
var96+var96,0.0
var96*var96,0.0
var96-var28,0.0
var96+var28,0.0
var96*var28,0.0
var96-var113,0.0
var96*var113,0.0
var96+var109,0.0
var96-var128,0.0
var96+var128,0.0
var96*var128,0.0
var96-var101,0.0
var96+var101,0.0
var96*var101,0.0
var96-var109,0.0
var105-var56,0.0
var105+var100,0.0
var96*var26,0.0
var66+var112,0.0
var66-call_ldaed,0.0
var66+call_ldaed,0.0
var66*call_ldaed,0.0
var105-var122,0.0
var105+var122,0.0
var105*var122,0.0
var105-var46,0.0
var105+var46,0.0
var105-var107,0.0
var105+var107,0.0
var105*var107,0.0
var105-var66,0.0
var105+var66,0.0
var105-var105,0.0
var105+var105,0.0
var105*var105,0.0
var105-var96,0.0
var66*var112,0.0
var66-var112,0.0
var105-var100,0.0
var66*var131,0.0
var66-var86,0.0
var66+var86,0.0
var66*var86,0.0
var66-var55,0.0
var66+var55,0.0
var66*var55,0.0
var66-var61,0.0
var66+var61,0.0
var66*var61,0.0
var66-var127,0.0
var66+var127,0.0
var66*var127,0.0
var66-var37,0.0
var66+var37,0.0
var66*var37,0.0
var66-var131,0.0
var66+var131,0.0
var105+var96,0.0
var105*var96,0.0
var105-var28,0.0
var105+var28,0.0
var105+var91,0.0
var105*var91,0.0
var105-var119,0.0
var105+var119,0.0
var105*var119,0.0
var105-var120,0.0
var105+var120,0.0
var105*var120,0.0
var105-var27,0.0
var105+var27,0.0
var105*var27,0.0
var105-var26,0.0
var105+var26,0.0
var105*var26,0.0
var105-var88,0.0
var105+var88,0.0
var105*var88,0.0
var105-var91,0.0
var105*var99,0.0
var105+var99,0.0
var105-var101,0.0
var105*var28,0.0
var105-var113,0.0
var105+var113,0.0
var105*var113,0.0
var105-var128,0.0
var105+var128,0.0
var105*var128,0.0
var105+var101,0.0
var105-var99,0.0
var105*var101,0.0
var105-var109,0.0
var105+var109,0.0
var105*var109,0.0
var105-var70,0.0
var105+var70,0.0
var105*var70,0.0
var96+var26,0.0
var96-var88,0.0
var120*var113,0.0
var28*var55,0.0
var28+var61,0.0
var28*var61,0.0
var28-var127,0.0
var28+var127,0.0
var28*var127,0.0
var28-var37,0.0
var28+var37,0.0
var28*var37,0.0
var28-var131,0.0
var28+var131,0.0
var28*var131,0.0
var28-var112,0.0
var28+var112,0.0
var28*var112,0.0
var28-call_ldaed,0.0
var28+call_ldaed,0.0
var28*call_ldaed,0.0
var28-var61,0.0
var28+var55,0.0
var28*var27,0.0
var28-var55,0.0
var28+var26,0.0
var28*var26,0.0
var28-var88,0.0
var28+var88,0.0
var28*var88,0.0
var28-var100,0.0
var28+var100,0.0
var28*var100,0.0
var28-var56,0.0
var28+var56,0.0
var28*var56,0.0
var28-var103,0.0
var28+var103,0.0
var28*var103,0.0
var28-var86,0.0
var28+var86,0.0
var28*var86,0.0
var113-var122,0.0
var113*var122,0.0
var113-var46,0.0
var113+var46,0.0
var113-var109,0.0
var113+var109,0.0
var113*var109,0.0
var113-var70,0.0
var113+var70,0.0
var113*var70,0.0
var113-var99,0.0
var113+var99,0.0
var113*var99,0.0
var113-var91,0.0
var113+var91,0.0
var113*var91,0.0
var113-var119,0.0
var113+var119,0.0
var113*var119,0.0
var113-var120,0.0
var113+var120,0.0
var113*var101,0.0
var113+var101,0.0
var113-var101,0.0
var113+var105,0.0
var113*var46,0.0
var113-var107,0.0
var113+var107,0.0
var113*var107,0.0
var113-var66,0.0
var113+var66,0.0
var113-var105,0.0
var113+var96,0.0
var113*var128,0.0
var113+var28,0.0
var113*var28,0.0
var113-var113,0.0
var113+var113,0.0
var113*var113,0.0
var113-var128,0.0
var113+var128,0.0
var28-var26,0.0
var28+var27,0.0
var96+var88,0.0
var96-var127,0.0
var96*var127,0.0
var96-var37,0.0
var96+var37,0.0
var96*var37,0.0
var96-var131,0.0
var96+var131,0.0
var96*var131,0.0
var96-var112,0.0
var96+var112,0.0
var96*var112,0.0
var96-call_ldaed,0.0
var96+call_ldaed,0.0
var96*call_ldaed,0.0
var28-var122,0.0
var28+var122,0.0
var28*var122,0.0
var28-var46,0.0
var96+var127,0.0
var96*var61,0.0
var28-var27,0.0
var96+var61,0.0
var96*var88,0.0
var96-var100,0.0
var96+var100,0.0
var96*var100,0.0
var96-var56,0.0
var96+var56,0.0
var96*var56,0.0
var96-var103,0.0
var96+var103,0.0
var96*var103,0.0
var96-var86,0.0
var96+var86,0.0
var96*var86,0.0
var96-var55,0.0
var96+var55,0.0
var96*var55,0.0
var96-var61,0.0
var28+var46,0.0
var28*var46,0.0
var28+var107,0.0
var28*var107,0.0
var28+var109,0.0
var28*var109,0.0
var28-var70,0.0
var28+var70,0.0
var28*var70,0.0
var28-var99,0.0
var28+var99,0.0
var28*var99,0.0
var28-var91,0.0
var28+var91,0.0
var28*var91,0.0
var28-var119,0.0
var28+var119,0.0
var28*var119,0.0
var28-var120,0.0
var28+var120,0.0
var28*var120,0.0
var28-var109,0.0
var28*var101,0.0
var28+var101,0.0
var28-var28,0.0
var28+var66,0.0
var28*var66,0.0
var28-var105,0.0
var28+var105,0.0
var28-var96,0.0
var28+var96,0.0
var28*var96,0.0
var28+var28,0.0
var28-var101,0.0
var28*var28,0.0
var28-var113,0.0
var28+var113,0.0
var28*var113,0.0
var28-var128,0.0
var28+var128,0.0
var28*var128,0.0
var66*var103,0.0
var66+var103,0.0
var66-var103,0.0
var46-var96,0.0
var46*var96,0.0
var46-var28,0.0
var46+var28,0.0
var46*var28,0.0
var46-var113,0.0
var46+var113,0.0
var46*var113,0.0
var46-var128,0.0
var46+var128,0.0
var46*var128,0.0
var46-var101,0.0
var46+var101,0.0
var46*var101,0.0
var46-var109,0.0
var46+var109,0.0
var46*var109,0.0
var46-var70,0.0
var46+var96,0.0
var46*var105,0.0
var122*var131,0.0
var46+var105,0.0
var122+var112,0.0
var122*var112,0.0
var122-call_ldaed,0.0
var122+call_ldaed,0.0
var122*call_ldaed,0.0
var46-var122,0.0
var46+var122,0.0
var46*var122,0.0
var46-var46,0.0
var46+var46,0.0
var46-var107,0.0
var46+var107,0.0
var46*var107,0.0
var46-var66,0.0
var46+var66,0.0
var46*var66,0.0
var46-var105,0.0
var46+var70,0.0
var46*var70,0.0
var46-var99,0.0
var46+var99,0.0
var46+var100,0.0
var46*var100,0.0
var46-var56,0.0
var46+var56,0.0
var46*var56,0.0
var46-var103,0.0
var46+var103,0.0
var46*var103,0.0
var46-var86,0.0
var46+var86,0.0
var46*var86,0.0
var46-var55,0.0
var46+var55,0.0
var46*var55,0.0
var46-var61,0.0
var46+var61,0.0
var46*var61,0.0
var46-var100,0.0
var46*var88,0.0
var46+var88,0.0
var46-var120,0.0
var46*var99,0.0
var46-var91,0.0
var46+var91,0.0
var46*var91,0.0
var46-var119,0.0
var46+var119,0.0
var46*var119,0.0
var46+var120,0.0
var46-var88,0.0
var46*var120,0.0
var46-var27,0.0
var46+var27,0.0
var46*var27,0.0
var46-var26,0.0
var46+var26,0.0
var46*var26,0.0
var122-var112,0.0
var122+var131,0.0
var66*var56,0.0
var122-var113,0.0
var122*var113,0.0
var122-var128,0.0
var122+var128,0.0
var122*var128,0.0
var122-var101,0.0
var122+var101,0.0
var122*var101,0.0
var122-var109,0.0
var122+var109,0.0
var122*var109,0.0
var122-var70,0.0
var122+var70,0.0
var122*var70,0.0
var122-var99,0.0
var122+var99,0.0
var122*var99,0.0
var122-var91,0.0
var122+var113,0.0
var122*var28,0.0
var122-var131,0.0
var122+var28,0.0
var122*var122,0.0
var122-var46,0.0
var122+var46,0.0
var122*var46,0.0
var122-var107,0.0
var122+var107,0.0
var122*var107,0.0
var122-var66,0.0
var122+var66,0.0
var122*var66,0.0
var122-var105,0.0
var122+var105,0.0
var122*var105,0.0
var122-var96,0.0
var122+var96,0.0
var122*var96,0.0
var122-var28,0.0
var122+var91,0.0
var122*var91,0.0
var122-var119,0.0
var122+var119,0.0
var122+var103,0.0
var122*var103,0.0
var122-var86,0.0
var122+var86,0.0
var122*var86,0.0
var122-var55,0.0
var122+var55,0.0
var122*var55,0.0
var122-var61,0.0
var122+var61,0.0
var122*var61,0.0
var122-var127,0.0
var122+var127,0.0
var122*var127,0.0
var122-var37,0.0
var122+var37,0.0
var122*var37,0.0
var122-var103,0.0
var122*var56,0.0
var122+var56,0.0
var122-var26,0.0
var122*var119,0.0
var122-var120,0.0
var122+var120,0.0
var122*var120,0.0
var122-var27,0.0
var122+var27,0.0
var122*var27,0.0
var122+var26,0.0
var122-var56,0.0
var122*var26,0.0
var122-var88,0.0
var122+var88,0.0
var122*var88,0.0
var122-var100,0.0
var122+var100,0.0
var122*var100,0.0
var46-var127,0.0
var46+var127,0.0
var46*var127,0.0
var66+var122,0.0
var66+var46,0.0
var66*var46,0.0
var66-var107,0.0
var66+var107,0.0
var66*var107,0.0
var66-var66,0.0
var66+var66,0.0
var66*var66,0.0
var66-var105,0.0
var66+var105,0.0
var66*var105,0.0
var66-var96,0.0
var66+var96,0.0
var66*var96,0.0
var66-var28,0.0
var66+var28,0.0
var66*var28,0.0
var66-var46,0.0
var66-var122,0.0
var46-var37,0.0
var107*call_ldaed,0.0
var107-var61,0.0
var107+var61,0.0
var107*var61,0.0
var107-var127,0.0
var107+var127,0.0
var107*var127,0.0
var107-var37,0.0
var107+var37,0.0
var107*var37,0.0
var107-var131,0.0
var107+var131,0.0
var107*var131,0.0
var107-var112,0.0
var107+var112,0.0
var107*var112,0.0
var107-call_ldaed,0.0
var107+call_ldaed,0.0
var66-var113,0.0
var66+var113,0.0
var66*var113,0.0
var66-var128,0.0
var66-var120,0.0
var66+var120,0.0
var66*var120,0.0
var66-var27,0.0
var66+var27,0.0
var66*var27,0.0
var66-var26,0.0
var66+var26,0.0
var66*var26,0.0
var66-var88,0.0
var66+var88,0.0
var66*var88,0.0
var66-var100,0.0
var66+var100,0.0
var66*var100,0.0
var66-var56,0.0
var66+var56,0.0
var66*var119,0.0
var66+var119,0.0
var66-var119,0.0
var66*var109,0.0
var66+var128,0.0
var66*var128,0.0
var66-var101,0.0
var66+var101,0.0
var66*var101,0.0
var66-var109,0.0
var66+var109,0.0
var66-var70,0.0
var66*var91,0.0
var66+var70,0.0
var66*var70,0.0
var66-var99,0.0
var66+var99,0.0
var66*var99,0.0
var66-var91,0.0
var66+var91,0.0
var107*var55,0.0
var107+var55,0.0
var107-var55,0.0
var107+var101,0.0
var107+var66,0.0
var107*var66,0.0
var107-var105,0.0
var107+var105,0.0
var107*var105,0.0
var107-var96,0.0
var107+var96,0.0
var107*var96,0.0
var107-var28,0.0
var107+var28,0.0
var107*var28,0.0
var107-var113,0.0
var107+var113,0.0
var107*var113,0.0
var107-var128,0.0
var107+var128,0.0
var107*var128,0.0
var107-var66,0.0
var107*var107,0.0
var107+var107,0.0
var46*var112,0.0
var46+var37,0.0
var46*var37,0.0
var46-var131,0.0
var46+var131,0.0
var46*var131,0.0
var46-var112,0.0
var46+var112,0.0
var46-call_ldaed,0.0
var107-var107,0.0
var46+call_ldaed,0.0
var46*call_ldaed,0.0
var107-var122,0.0
var107+var122,0.0
var107*var122,0.0
var107-var46,0.0
var107+var46,0.0
var107-var101,0.0
var107*var101,0.0
var107*var86,0.0
var107-var109,0.0
var107-var26,0.0
var107+var26,0.0
var107*var26,0.0
var107-var88,0.0
var107+var88,0.0
var107*var88,0.0
var107-var100,0.0
var107+var100,0.0
var107*var100,0.0
var107-var56,0.0
var107+var56,0.0
var107*var56,0.0
var107-var103,0.0
var107+var103,0.0
var107*var103,0.0
var107-var86,0.0
var107+var86,0.0
var107*var27,0.0
var107+var27,0.0
var107-var27,0.0
var107*var99,0.0
var107+var109,0.0
var107*var109,0.0
var107-var70,0.0
var107+var70,0.0
var107*var70,0.0
var107-var99,0.0
var107+var99,0.0
var107-var91,0.0
var107*var120,0.0
var107+var91,0.0
var107*var91,0.0
var107-var119,0.0
var107+var119,0.0
var107*var119,0.0
var107-var120,0.0
var107+var120,0.0
var113*var120,0.0
var113-var27,0.0
var113+var27,0.0
var99*var88,0.0
var99+var100,0.0
var99*var100,0.0
var99-var56,0.0
var99+var56,0.0
var99*var56,0.0
var99-var103,0.0
var99+var103,0.0
var99*var103,0.0
var99-var86,0.0
var99+var86,0.0
var99*var86,0.0
var99-var55,0.0
var99+var55,0.0
var99*var55,0.0
var99-var61,0.0
var99+var61,0.0
var99*var61,0.0
var99-var100,0.0
var99+var88,0.0
var99*var70,0.0
var99-var88,0.0
var99+var99,0.0
var99*var99,0.0
var99-var91,0.0
var99+var91,0.0
var99*var91,0.0
var99-var119,0.0
var99+var119,0.0
var99*var119,0.0
var99-var120,0.0
var99+var120,0.0
var99*var120,0.0
var99-var27,0.0
var99+var27,0.0
var99*var27,0.0
var99-var26,0.0
var99+var26,0.0
var99*var26,0.0
var99-var127,0.0
var99+var127,0.0
var99*var127,0.0
var99-var37,0.0
var91*var66,0.0
var91-var105,0.0
var91+var105,0.0
var91*var105,0.0
var91-var96,0.0
var91+var96,0.0
var91*var96,0.0
var91-var28,0.0
var91+var28,0.0
var91*var28,0.0
var91+var113,0.0
var91*var113,0.0
var91-var128,0.0
var91+var128,0.0
var91*var128,0.0
var91-var101,0.0
var91+var101,0.0
var91+var66,0.0
var91-var66,0.0
var91*var107,0.0
var99*var112,0.0
var99+var37,0.0
var99*var37,0.0
var99-var131,0.0
var99+var131,0.0
var99*var131,0.0
var99-var112,0.0
var99+var112,0.0
var99-call_ldaed,0.0
var91+var107,0.0
var99+call_ldaed,0.0
var99*call_ldaed,0.0
var91-var122,0.0
var91+var122,0.0
var91+var46,0.0
var91*var46,0.0
var91-var107,0.0
var99-var99,0.0
var99+var70,0.0
var70+var99,0.0
var70+var100,0.0
var70-var56,0.0
var70+var56,0.0
var70*var56,0.0
var70-var103,0.0
var70+var103,0.0
var70*var103,0.0
var70-var86,0.0
var70+var86,0.0
var70*var86,0.0
var70-var55,0.0
var70+var55,0.0
var70*var55,0.0
var70-var61,0.0
var70+var61,0.0
var70*var61,0.0
var70-var127,0.0
var70+var127,0.0
var70*var100,0.0
var70-var100,0.0
var99-var70,0.0
var70*var88,0.0
var70-var91,0.0
var70+var91,0.0
var70*var91,0.0
var70-var119,0.0
var70+var119,0.0
var70*var119,0.0
var70-var120,0.0
var70+var120,0.0
var70*var120,0.0
var70-var27,0.0
var70+var27,0.0
var70*var27,0.0
var70-var26,0.0
var70+var26,0.0
var70*var26,0.0
var70-var88,0.0
var70+var88,0.0
var70*var127,0.0
var70-var37,0.0
var70+var37,0.0
var70*var37,0.0
var99+var105,0.0
var99*var105,0.0
var99-var96,0.0
var99+var96,0.0
var99*var96,0.0
var99+var28,0.0
var99*var28,0.0
var99+var113,0.0
var99*var113,0.0
var99+var128,0.0
var99*var128,0.0
var99-var101,0.0
var99+var101,0.0
var99*var101,0.0
var99-var109,0.0
var99+var109,0.0
var99*var109,0.0
var99*var66,0.0
var99+var66,0.0
var99-var66,0.0
var70+call_ldaed,0.0
var70-var131,0.0
var70+var131,0.0
var70*var131,0.0
var70-var112,0.0
var70+var112,0.0
var70*var112,0.0
var70-call_ldaed,0.0
var70*call_ldaed,0.0
var99+var107,0.0
var99-var122,0.0
var99+var122,0.0
var99*var122,0.0
var99-var46,0.0
var99+var46,0.0
var99*var46,0.0
var99-var107,0.0
var91*var101,0.0
var91+var109,0.0
var91*var109,0.0
var119-var26,0.0
var119*var26,0.0
var119-var88,0.0
var119+var88,0.0
var119*var88,0.0
var119-var100,0.0
var119+var100,0.0
var119*var100,0.0
var119-var56,0.0
var119+var56,0.0
var119*var56,0.0
var119-var103,0.0
var119+var103,0.0
var119*var103,0.0
var119-var86,0.0
var119+var86,0.0
var119*var86,0.0
var119-var55,0.0
var119+var26,0.0
var119*var27,0.0
var91-var70,0.0
var119+var27,0.0
var119-var109,0.0
var119+var109,0.0
var119*var109,0.0
var119+var70,0.0
var119*var70,0.0
var119-var99,0.0
var119+var99,0.0
var119*var99,0.0
var119-var91,0.0
var119*var91,0.0
var119-var119,0.0
var119+var119,0.0
var119*var119,0.0
var119-var120,0.0
var119+var120,0.0
var119*var120,0.0
var119-var27,0.0
var119+var55,0.0
var119*var55,0.0
var119-var61,0.0
var119+var61,0.0
var120+var46,0.0
var120*var46,0.0
var120-var107,0.0
var120+var107,0.0
var120*var107,0.0
var120-var66,0.0
var120+var66,0.0
var120*var66,0.0
var120-var105,0.0
var120*var105,0.0
var120-var96,0.0
var120+var96,0.0
var120*var96,0.0
var120-var28,0.0
var120+var28,0.0
var120*var28,0.0
var120+var113,0.0
var120-var46,0.0
var120*var122,0.0
var120+var122,0.0
var119-var131,0.0
var119*var61,0.0
var119-var127,0.0
var119+var127,0.0
var119*var127,0.0
var119-var37,0.0
var119+var37,0.0
var119*var37,0.0
var119+var131,0.0
var122+var122,0.0
var119*var131,0.0
var119-var112,0.0
var119+var112,0.0
var119*var112,0.0
var119-call_ldaed,0.0
var119+call_ldaed,0.0
var119*call_ldaed,0.0
var119*var101,0.0
var119+var101,0.0
var119-var101,0.0
var91+var61,0.0
var91+var88,0.0
var91*var88,0.0
var91-var100,0.0
var91+var100,0.0
var91*var100,0.0
var91-var56,0.0
var91+var56,0.0
var91*var56,0.0
var91-var103,0.0
var91+var103,0.0
var91*var103,0.0
var91-var86,0.0
var91+var86,0.0
var91*var86,0.0
var91-var55,0.0
var91+var55,0.0
var91*var55,0.0
var91-var88,0.0
var91*var26,0.0
var91+var26,0.0
var91-var119,0.0
var91*var70,0.0
var91-var99,0.0
var91+var99,0.0
var91*var99,0.0
var91-var91,0.0
var91+var91,0.0
var91*var91,0.0
var91+var119,0.0
var91-var26,0.0
var91*var119,0.0
var91-var120,0.0
var91+var120,0.0
var91*var120,0.0
var91-var27,0.0
var91+var27,0.0
var91*var27,0.0
var91-var61,0.0
var91*var61,0.0
var119*var128,0.0
var91-var127,0.0
var119+var107,0.0
var119*var107,0.0
var119-var66,0.0
var119+var66,0.0
var119-var105,0.0
var119+var105,0.0
var119*var105,0.0
var119-var96,0.0
var119+var96,0.0
var119*var96,0.0
var119-var28,0.0
var119+var28,0.0
var119-var113,0.0
var119+var113,0.0
var119*var113,0.0
var119-var128,0.0
var119+var128,0.0
var119-var107,0.0
var119+var46,0.0
var119-var46,0.0
var91*var131,0.0
var91+var127,0.0
var91*var127,0.0
var91-var37,0.0
var91+var37,0.0
var91*var37,0.0
var91-var131,0.0
var91+var131,0.0
var91-var112,0.0
var119*var122,0.0
var91+var112,0.0
var91*var112,0.0
var91-call_ldaed,0.0
var91+call_ldaed,0.0
var91*call_ldaed,0.0
var119-var122,0.0
var119+var122,0.0
var70*var99,0.0
var70-var99,0.0
var113*var27,0.0
var128-var55,0.0
var128*var55,0.0
var128-var61,0.0
var128+var61,0.0
var128*var61,0.0
var128-var127,0.0
var128+var127,0.0
var128*var127,0.0
var128-var37,0.0
var128+var37,0.0
var128*var37,0.0
var128-var131,0.0
var128+var131,0.0
var128*var131,0.0
var128-var112,0.0
var128+var112,0.0
var128*var112,0.0
var128-call_ldaed,0.0
var128+var55,0.0
var128*var86,0.0
var128-var27,0.0
var128+var86,0.0
var128*var27,0.0
var128-var26,0.0
var128+var26,0.0
var128*var26,0.0
var128-var88,0.0
var128+var88,0.0
var128*var88,0.0
var128-var100,0.0
var128+var100,0.0
var128*var100,0.0
var128-var56,0.0
var128+var56,0.0
var128*var56,0.0
var128-var103,0.0
var128+var103,0.0
var128*var103,0.0
var128-var86,0.0
var128+call_ldaed,0.0
var128*call_ldaed,0.0
var101-var122,0.0
var101+var122,0.0
var101+var128,0.0
var101*var128,0.0
var101-var101,0.0
var101+var101,0.0
var101*var101,0.0
var101-var109,0.0
var101+var109,0.0
var101*var109,0.0
var101-var70,0.0
var101+var70,0.0
var101*var70,0.0
var101-var99,0.0
var101+var99,0.0
var101*var99,0.0
var101-var91,0.0
var101+var91,0.0
var101*var91,0.0
var101-var128,0.0
var101-var113,0.0
var101*var28,0.0
var101-var66,0.0
var101*var122,0.0
var101-var46,0.0
var101+var46,0.0
var101*var46,0.0
var101-var107,0.0
var101+var107,0.0
var101*var107,0.0
var101+var66,0.0
var101+var28,0.0
var101*var66,0.0
var101-var105,0.0
var101+var105,0.0
var101*var105,0.0
var101-var96,0.0
var101+var96,0.0
var101*var96,0.0
var128+var27,0.0
var128*var120,0.0
var70*var70,0.0
var113+var55,0.0
var113-var61,0.0
var113+var61,0.0
var113*var61,0.0
var113-var127,0.0
var113+var127,0.0
var113*var127,0.0
var113-var37,0.0
var113+var37,0.0
var113*var37,0.0
var113-var131,0.0
var113+var131,0.0
var113*var131,0.0
var113-var112,0.0
var113+var112,0.0
var113*var112,0.0
var113-call_ldaed,0.0
var113+call_ldaed,0.0
var113*var55,0.0
var113-var55,0.0
var128+var120,0.0
var113*var86,0.0
var113-var26,0.0
var113+var26,0.0
var113*var26,0.0
var113-var88,0.0
var113+var88,0.0
var113*var88,0.0
var113-var100,0.0
var113+var100,0.0
var113*var100,0.0
var113-var56,0.0
var113+var56,0.0
var113*var56,0.0
var113-var103,0.0
var113+var103,0.0
var113*var103,0.0
var113-var86,0.0
var113+var86,0.0
var113*call_ldaed,0.0
var128-var122,0.0
var128+var122,0.0
var128-var46,0.0
var128*var101,0.0
var128-var109,0.0
var128+var109,0.0
var128*var109,0.0
var128-var70,0.0
var128+var70,0.0
var128*var70,0.0
var128-var99,0.0
var128+var99,0.0
var128*var99,0.0
var128-var91,0.0
var128+var91,0.0
var128*var91,0.0
var128-var119,0.0
var128+var119,0.0
var128*var119,0.0
var128-var120,0.0
var128+var101,0.0
var128-var101,0.0
var128*var128,0.0
var128-var96,0.0
var128+var46,0.0
var128*var46,0.0
var128*var107,0.0
var128+var66,0.0
var128-var105,0.0
var128+var105,0.0
var128*var105,0.0
var128+var96,0.0
var128+var128,0.0
var128*var96,0.0
var128-var28,0.0
var128+var28,0.0
var128*var28,0.0
var128-var113,0.0
var128+var113,0.0
var128-var128,0.0
var101-var119,0.0
var101+var119,0.0
var101*var119,0.0
var109-var103,0.0
var109*var103,0.0
var109-var86,0.0
var109+var86,0.0
var109*var86,0.0
var109-var55,0.0
var109+var55,0.0
var109*var55,0.0
var109-var61,0.0
var109+var61,0.0
var109*var61,0.0
var109-var127,0.0
var109+var127,0.0
var109*var127,0.0
var109-var37,0.0
var109+var37,0.0
var109*var37,0.0
var109-var131,0.0
var109+var103,0.0
var109*var56,0.0
var101-var120,0.0
var109+var56,0.0
var109*var119,0.0
var109-var120,0.0
var109+var120,0.0
var109*var120,0.0
var109-var27,0.0
var109+var27,0.0
var109*var27,0.0
var109-var26,0.0
var109+var26,0.0
var109*var26,0.0
var109-var88,0.0
var109+var88,0.0
var109*var88,0.0
var109-var100,0.0
var109+var100,0.0
var109*var100,0.0
var109-var56,0.0
var109+var131,0.0
var109*var131,0.0
var109-var112,0.0
var109+var112,0.0
var70+var96,0.0
var70*var96,0.0
var70-var28,0.0
var70+var28,0.0
var70-var113,0.0
var70+var113,0.0
var70*var113,0.0
var70-var128,0.0
var70+var128,0.0
var70*var128,0.0
var70+var101,0.0
var70*var101,0.0
var70-var109,0.0
var70+var109,0.0
var70*var109,0.0
var70-var70,0.0
var70+var70,0.0
var70-var96,0.0
var70*var105,0.0
var70+var105,0.0
var70-var46,0.0
var109*var112,0.0
var109-call_ldaed,0.0
var109+call_ldaed,0.0
var109*call_ldaed,0.0
var70-var122,0.0
var70+var122,0.0
var70*var122,0.0
var70+var46,0.0
var70-var105,0.0
var70*var46,0.0
var70-var107,0.0
var70+var107,0.0
var70*var107,0.0
var70-var66,0.0
var70+var66,0.0
var70*var66,0.0
var109+var119,0.0
var109-var119,0.0
var109*var91,0.0
var101-var112,0.0
var101-var86,0.0
var101+var86,0.0
var101*var86,0.0
var101-var55,0.0
var101+var55,0.0
var101*var55,0.0
var101-var61,0.0
var101+var61,0.0
var101*var61,0.0
var101-var127,0.0
var101+var127,0.0
var101*var127,0.0
var101-var37,0.0
var101+var37,0.0
var101*var37,0.0
var101-var131,0.0
var101+var131,0.0
var101*var103,0.0
var101+var103,0.0
var101-var103,0.0
var101*var26,0.0
var101+var120,0.0
var101*var120,0.0
var101-var27,0.0
var101+var27,0.0
var101*var27,0.0
var101-var26,0.0
var101+var26,0.0
var101-var88,0.0
var101*var56,0.0
var101+var88,0.0
var101*var88,0.0
var101-var100,0.0
var101+var100,0.0
var101*var100,0.0
var101-var56,0.0
var101+var56,0.0
var101*var131,0.0
var101+var112,0.0
var109+var91,0.0
var101*var112,0.0
var109+var113,0.0
var109*var113,0.0
var109-var128,0.0
var109+var128,0.0
var109*var128,0.0
var109+var101,0.0
var109*var101,0.0
var109-var109,0.0
var109+var109,0.0
var109*var109,0.0
var109-var70,0.0
var109+var70,0.0
var109*var70,0.0
var109-var99,0.0
var109+var99,0.0
var109*var99,0.0
var109-var91,0.0
var109-var113,0.0
var109+var28,0.0
var109-var28,0.0
var109-var107,0.0
var101-call_ldaed,0.0
var101+call_ldaed,0.0
var101*call_ldaed,0.0
var109-var122,0.0
var109+var122,0.0
var109-var46,0.0
var109+var46,0.0
var109+var107,0.0
var109*var96,0.0
var109-var66,0.0
var109*var66,0.0
var109-var105,0.0
var109+var105,0.0
var109*var105,0.0
var109-var96,0.0
var109+var96,0.0
var120-var122,0.0
