credit_ldaed-var250,0.0762711837887764
credit_ldaed*var250,0.023728813976049423
var156*var153,0.013559321872889996
credit_ldaed+var434,0.013559321872889996
var369-var448,0.011864406988024712
credit_ldaed-var449,0.011864406988024712
var429-var332,0.011864406988024712
var347-var187,0.011864406988024712
var209-var266,0.010169491171836853
var369-var428,0.010169491171836853
var209-var153,0.008474576286971569
var266-var187,0.008474576286971569
var268*var268,0.008474576286971569
var250*var375,0.008474576286971569
var209*var166,0.008474576286971569
credit_ldaed-var428,0.008474576286971569
credit_ldaed-var434,0.006779660936444998
credit_ldaed+var428,0.006779660936444998
var156-var428,0.006779660936444998
var210-var272,0.006779660936444998
var286*var449,0.006779660936444998
var369*var448,0.006779660936444998
credit_ldaed+var156,0.006779660936444998
credit_ldaed-var209,0.006779660936444998
var187-var166,0.006779660936444998
var375*var433,0.0050847455859184265
credit_ldaed+var353,0.0050847455859184265
credit_ldaed-var369,0.0050847455859184265
var286-var210,0.0050847455859184265
credit_ldaed-var268,0.0050847455859184265
credit_ldaed-var375,0.0050847455859184265
credit_ldaed+var210,0.0050847455859184265
var369*var449,0.0050847455859184265
var369+var155,0.0050847455859184265
credit_ldaed+var389,0.0050847455859184265
var210*var272,0.0050847455859184265
var266-var166,0.0050847455859184265
var448-var155,0.0050847455859184265
var209*var160,0.0050847455859184265
var153*var250,0.0050847455859184265
credit_ldaed+var448,0.0050847455859184265
credit_ldaed-var286,0.0050847455859184265
credit_ldaed+var433,0.0050847455859184265
var250+var268,0.0050847455859184265
var209*var286,0.0050847455859184265
var209-var428,0.0050847455859184265
credit_ldaed*var433,0.0050847455859184265
var156*var267,0.0050847455859184265
credit_ldaed-var163,0.0050847455859184265
var286+var434,0.003389830468222499
var156*var428,0.003389830468222499
var286*var155,0.003389830468222499
var428*var374,0.003389830468222499
var348*var272,0.003389830468222499
var160*var272,0.003389830468222499
var348-var434,0.003389830468222499
var348*var449,0.003389830468222499
var286-var267,0.003389830468222499
var156*var448,0.003389830468222499
var286+var369,0.003389830468222499
var286*var156,0.003389830468222499
var209-var155,0.003389830468222499
var428-var187,0.003389830468222499
var209*var449,0.003389830468222499
var209-var448,0.003389830468222499
var209*var448,0.003389830468222499
var210*var375,0.003389830468222499
var428*var449,0.003389830468222499
var209*var266,0.003389830468222499
var428-var160,0.003389830468222499
var166*var268,0.003389830468222499
var156-var448,0.003389830468222499
var153*var428,0.003389830468222499
var369-var434,0.003389830468222499
var369*var155,0.003389830468222499
var272-var389,0.003389830468222499
var375-var434,0.003389830468222499
var375+var374,0.003389830468222499
var448*var155,0.003389830468222499
var153*var448,0.003389830468222499
var428-var210,0.003389830468222499
var266+var375,0.003389830468222499
var153+var160,0.003389830468222499
var266+var348,0.003389830468222499
var434*var434,0.003389830468222499
var153*var375,0.003389830468222499
var153*var268,0.003389830468222499
var369*var434,0.003389830468222499
var369*var160,0.003389830468222499
var369*var348,0.003389830468222499
var369+var267,0.003389830468222499
var369*var267,0.003389830468222499
var209*var153,0.003389830468222499
var266-var434,0.003389830468222499
var369*var153,0.003389830468222499
var268*var374,0.003389830468222499
var268*var389,0.003389830468222499
var266*var187,0.003389830468222499
var156+var272,0.003389830468222499
var347-var166,0.003389830468222499
var153+var268,0.003389830468222499
var156-var187,0.003389830468222499
var347*var374,0.003389830468222499
var156+var210,0.003389830468222499
credit_ldaed*credit_ldaed,0.003389830468222499
var369*var210,0.003389830468222499
credit_ldaed*var156,0.003389830468222499
credit_ldaed-var266,0.003389830468222499
credit_ldaed+var347,0.003389830468222499
credit_ldaed+credit_ldaed,0.003389830468222499
credit_ldaed-var187,0.003389830468222499
credit_ldaed*var160,0.003389830468222499
credit_ldaed-var153,0.003389830468222499
var327-var434,0.003389830468222499
credit_ldaed+var374,0.003389830468222499
var210+var374,0.003389830468222499
credit_ldaed*var153,0.003389830468222499
credit_ldaed+var266,0.003389830468222499
credit_ldaed-var448,0.003389830468222499
credit_ldaed-var210,0.003389830468222499
credit_ldaed+var268,0.003389830468222499
credit_ldaed-var389,0.003389830468222499
credit_ldaed*var428,0.003389830468222499
var347*var268,0.0016949152341112494
var434*var187,0.0016949152341112494
var266-var428,0.0016949152341112494
var347-var374,0.0016949152341112494
var210*var163,0.0016949152341112494
var347-var268,0.0016949152341112494
var429*var434,0.0016949152341112494
var266*var448,0.0016949152341112494
credit_ldaed*var434,0.0016949152341112494
var156*var166,0.0016949152341112494
var347-var433,0.0016949152341112494
var434+var449,0.0016949152341112494
var156*var272,0.0016949152341112494
credit_ldaed-var332,0.0016949152341112494
var156*var268,0.0016949152341112494
var156+var268,0.0016949152341112494
var429*var433,0.0016949152341112494
var347-var449,0.0016949152341112494
var429*var272,0.0016949152341112494
var429+var272,0.0016949152341112494
var347*var187,0.0016949152341112494
var268+var389,0.0016949152341112494
var166-var272,0.0016949152341112494
var434-var187,0.0016949152341112494
var250*var163,0.0016949152341112494
credit_ldaed+var449,0.0016949152341112494
var348*var429,0.0016949152341112494
var286-var268,0.0016949152341112494
var160*var389,0.0016949152341112494
var286*var268,0.0016949152341112494
var286+var272,0.0016949152341112494
var160*var374,0.0016949152341112494
var348-var160,0.0016949152341112494
var449-var374,0.0016949152341112494
var210+var268,0.0016949152341112494
var449+var374,0.0016949152341112494
var160+var163,0.0016949152341112494
var286-var449,0.0016949152341112494
var286-var187,0.0016949152341112494
var348+var375,0.0016949152341112494
var286*var187,0.0016949152341112494
var348-var327,0.0016949152341112494
var266-var433,0.0016949152341112494
credit_ldaed*var268,0.0016949152341112494
var266*var433,0.0016949152341112494
var286*var374,0.0016949152341112494
var266-var449,0.0016949152341112494
var266*var449,0.0016949152341112494
credit_ldaed*var369,0.0016949152341112494
credit_ldaed-var353,0.0016949152341112494
var156*var369,0.0016949152341112494
var434*var155,0.0016949152341112494
var266+var160,0.0016949152341112494
var434*var268,0.0016949152341112494
var266+var210,0.0016949152341112494
var156+var428,0.0016949152341112494
var166-var268,0.0016949152341112494
var156+var250,0.0016949152341112494
var429+var155,0.0016949152341112494
var209*var369,0.0016949152341112494
var268*var155,0.0016949152341112494
var429+var374,0.0016949152341112494
var272*var389,0.0016949152341112494
var369-var374,0.0016949152341112494
var272-var155,0.0016949152341112494
var375*var434,0.0016949152341112494
credit_ldaed-var347,0.0016949152341112494
credit_ldaed+var267,0.0016949152341112494
var272*var268,0.0016949152341112494
var332-var187,0.0016949152341112494
var272*var272,0.0016949152341112494
credit_ldaed-var267,0.0016949152341112494
var267-var433,0.0016949152341112494
var267-var166,0.0016949152341112494
var267*var166,0.0016949152341112494
var433+var268,0.0016949152341112494
var375-var374,0.0016949152341112494
var353-var163,0.0016949152341112494
var353+var347,0.0016949152341112494
var267-var429,0.0016949152341112494
var353*var348,0.0016949152341112494
var353*var163,0.0016949152341112494
var353*var210,0.0016949152341112494
var433-var389,0.0016949152341112494
var353-var268,0.0016949152341112494
var353*var268,0.0016949152341112494
var267+var210,0.0016949152341112494
var353+var429,0.0016949152341112494
var267-var348,0.0016949152341112494
var353-var375,0.0016949152341112494
var353*var449,0.0016949152341112494
var369-var155,0.0016949152341112494
var153-var428,0.0016949152341112494
var369*var163,0.0016949152341112494
var369*var429,0.0016949152341112494
var347*var375,0.0016949152341112494
var347-var429,0.0016949152341112494
var210+var433,0.0016949152341112494
var347-var160,0.0016949152341112494
var448-var347,0.0016949152341112494
var153+var166,0.0016949152341112494
var448+var327,0.0016949152341112494
var448-var327,0.0016949152341112494
credit_ldaed+var160,0.0016949152341112494
var448+var375,0.0016949152341112494
var369+var210,0.0016949152341112494
var369-var210,0.0016949152341112494
var153-var429,0.0016949152341112494
credit_ldaed+var250,0.0016949152341112494
var369+var268,0.0016949152341112494
var448*var187,0.0016949152341112494
var448-var187,0.0016949152341112494
var369+var332,0.0016949152341112494
var369-var332,0.0016949152341112494
credit_ldaed*var327,0.0016949152341112494
var369+var434,0.0016949152341112494
var153*var210,0.0016949152341112494
credit_ldaed*var210,0.0016949152341112494
var369-var449,0.0016949152341112494
var153*var348,0.0016949152341112494
var153+var267,0.0016949152341112494
var332*var268,0.0016949152341112494
credit_ldaed*var448,0.0016949152341112494
var166*var155,0.0016949152341112494
var266-var250,0.0016949152341112494
var210*var449,0.0016949152341112494
var449*var433,0.0016949152341112494
var210-var327,0.0016949152341112494
var160*var332,0.0016949152341112494
var327-var163,0.0016949152341112494
var428*var166,0.0016949152341112494
var187-var389,0.0016949152341112494
var348*var433,0.0016949152341112494
var327-var166,0.0016949152341112494
var327*var375,0.0016949152341112494
var209*var428,0.0016949152341112494
credit_ldaed+var209,0.0016949152341112494
var209-var286,0.0016949152341112494
var210*var187,0.0016949152341112494
var428-var348,0.0016949152341112494
var209-var268,0.0016949152341112494
var348-var433,0.0016949152341112494
var266-var389,0.0016949152341112494
var210+var160,0.0016949152341112494
var187-var268,0.0016949152341112494
var348*var268,0.0016949152341112494
var209-var347,0.0016949152341112494
var209*var155,0.0016949152341112494
var327*var434,0.0016949152341112494
var286-var266,0.0016949152341112494
credit_ldaed-var374,0.0016949152341112494
var209*var187,0.0016949152341112494
var209*var374,0.0016949152341112494
var210-var429,0.0016949152341112494
var348*var155,0.0016949152341112494
var209*var267,0.0016949152341112494
var428-var389,0.0016949152341112494
var327-var272,0.0016949152341112494
var428-var166,0.0016949152341112494
var210*var332,0.0016949152341112494
var155+var374,0.0016949152341112494
var160*var433,0.0016949152341112494
var428-var434,0.0016949152341112494
var187*var272,0.0016949152341112494
var286*var160,0.0016949152341112494
var286+var160,0.0016949152341112494
var348*var187,0.0016949152341112494
var449-var268,0.0016949152341112494
var266*var155,0.0016949152341112494
credit_ldaed+var155,0.0016949152341112494
var428-var347,0.0016949152341112494
var286*var375,0.0016949152341112494
var209+var433,0.0016949152341112494
var286-var375,0.0016949152341112494
var210*var433,0.0016949152341112494
var327*var449,0.0016949152341112494
var286+var327,0.0016949152341112494
var286-var353,0.0016949152341112494
var210*var327,0.0016949152341112494
var160-var434,0.0016949152341112494
var266*var374,0.0016949152341112494
var209-var210,0.0016949152341112494
var160*var449,0.0016949152341112494
var209-var156,0.0016949152341112494
var209-var166,0.0016949152341112494
var449+var272,0.0016949152341112494
credit_ldaed*var209,0.0016949152341112494
var209+var353,0.0016949152341112494
var286*var348,0.0016949152341112494
var428+var389,0.0
var448-var449,0.0
var448*var433,0.0
var428-var374,0.0
var448+var449,0.0
var428*var389,0.0
var448+var166,0.0
var448-var433,0.0
var448*var166,0.0
var428-var155,0.0
var448+var433,0.0
var448-var166,0.0
var428+var374,0.0
var448*var272,0.0
var428+var155,0.0
var250-var375,0.0
var448*var449,0.0
var448+var332,0.0
var448+var160,0.0
var448-var160,0.0
var448*var429,0.0
var448+var429,0.0
var448-var429,0.0
var448*var375,0.0
var448-var375,0.0
var250-var286,0.0
var250+var286,0.0
var448*var332,0.0
var250*var286,0.0
var448-var332,0.0
var327*var369,0.0
var448*var434,0.0
var250-var209,0.0
var448+var272,0.0
var448+var434,0.0
var448-var434,0.0
var250+var209,0.0
var448+var187,0.0
var250*var209,0.0
var250-credit_ldaed,0.0
var250+credit_ldaed,0.0
var250*credit_ldaed,0.0
var327-var156,0.0
var448-var374,0.0
var448-var272,0.0
var267+var153,0.0
var267*var156,0.0
var267+var156,0.0
var267-var156,0.0
var267*var369,0.0
var267+var369,0.0
var267-var369,0.0
var267*var353,0.0
var267+var353,0.0
var267-var353,0.0
var428-var268,0.0
var267*var153,0.0
var267-var153,0.0
var327-var209,0.0
var267*var266,0.0
var267+var266,0.0
var428+var268,0.0
var267-var266,0.0
var267*var428,0.0
var428*var268,0.0
var267+var428,0.0
var267-var428,0.0
var267*var250,0.0
var267+var250,0.0
var267-var250,0.0
var267-var286,0.0
var267+var286,0.0
var267*var286,0.0
var267-var209,0.0
var428*var155,0.0
var448*var268,0.0
var448+var268,0.0
var448-var268,0.0
var448*var163,0.0
var448+var163,0.0
var448-var163,0.0
var428-var163,0.0
var448+var155,0.0
var428+var163,0.0
var327+var369,0.0
var448*var374,0.0
var448+var374,0.0
var250*var156,0.0
var448*var389,0.0
var448+var389,0.0
var448-var389,0.0
var267*credit_ldaed,0.0
var267+credit_ldaed,0.0
var428*var163,0.0
var267-credit_ldaed,0.0
var267*var209,0.0
var267+var209,0.0
var448*var160,0.0
var448-var267,0.0
var250+var156,0.0
var250*var268,0.0
var250+var327,0.0
var250*var327,0.0
var250+var163,0.0
var250-var210,0.0
var327+var286,0.0
var250-var163,0.0
var250*var155,0.0
var250+var210,0.0
var250+var155,0.0
var250-var155,0.0
var250*var374,0.0
var250+var374,0.0
var250*var210,0.0
var250-var374,0.0
var250-var348,0.0
var267+var448,0.0
var250+var348,0.0
var250*var389,0.0
var250*var348,0.0
var250+var389,0.0
var250-var389,0.0
var250-var347,0.0
var448*credit_ldaed,0.0
var250+var347,0.0
var448+credit_ldaed,0.0
var448-credit_ldaed,0.0
var448*var209,0.0
var448+var209,0.0
var448-var209,0.0
var250-var268,0.0
var250-var272,0.0
var448*var327,0.0
var250+var272,0.0
var250*var332,0.0
var250-var429,0.0
var250+var332,0.0
var250+var429,0.0
var250-var332,0.0
var250*var434,0.0
var250*var429,0.0
var250+var434,0.0
var250-var160,0.0
var250-var434,0.0
var250+var160,0.0
var327+var156,0.0
var250*var187,0.0
var250+var187,0.0
var250-var187,0.0
var250*var160,0.0
var250*var449,0.0
var327*var156,0.0
var327-var286,0.0
var250+var449,0.0
var250-var449,0.0
var250*var166,0.0
var250+var166,0.0
var250-var166,0.0
var250*var433,0.0
var250+var433,0.0
var250-var327,0.0
var250-var433,0.0
var250*var272,0.0
var448*var286,0.0
var448+var286,0.0
var250*var347,0.0
var448-var286,0.0
var250-var153,0.0
var448+var428,0.0
var250+var153,0.0
var448-var428,0.0
var250*var153,0.0
var448*var250,0.0
var448+var250,0.0
var250-var353,0.0
var250+var353,0.0
var448-var250,0.0
var448*var448,0.0
var250*var353,0.0
var448+var448,0.0
var448-var448,0.0
var448*var267,0.0
var448+var267,0.0
var250+var375,0.0
var250-var369,0.0
var250+var369,0.0
var448*var347,0.0
var448+var347,0.0
var250*var369,0.0
var448*var348,0.0
var448+var348,0.0
var448-var348,0.0
var448*var210,0.0
var250-var156,0.0
var448+var210,0.0
var448-var210,0.0
var327*var286,0.0
var250*var266,0.0
var250+var266,0.0
var250*var448,0.0
var250-var267,0.0
var448*var156,0.0
var250+var267,0.0
var448+var156,0.0
var448-var156,0.0
var448*var369,0.0
var448+var369,0.0
var250*var267,0.0
var250-var448,0.0
var448-var369,0.0
var448*var353,0.0
var250+var448,0.0
var448+var353,0.0
var250-var250,0.0
var448*var428,0.0
var448-var353,0.0
var250+var250,0.0
var250*var250,0.0
var250-var428,0.0
var448*var153,0.0
var250+var428,0.0
var250*var428,0.0
var448+var153,0.0
var448-var153,0.0
var448*var266,0.0
var250-var266,0.0
var448+var266,0.0
var448-var266,0.0
var267*var448,0.0
var267-var155,0.0
var267-var448,0.0
var348*var375,0.0
var348+var429,0.0
var348+var160,0.0
var348*var160,0.0
var348+var327,0.0
var348*var327,0.0
var348-var210,0.0
var348+var210,0.0
var348*var210,0.0
var348-var348,0.0
var348+var348,0.0
var348*var348,0.0
var348-var347,0.0
var348+var347,0.0
var348*var347,0.0
var348-var267,0.0
var348-var429,0.0
var348-var375,0.0
var348*var267,0.0
var348*var332,0.0
var348+var272,0.0
var348+var433,0.0
var348-var166,0.0
var348+var166,0.0
var348*var166,0.0
var348-var449,0.0
var348+var449,0.0
var210+var166,0.0
var348-var187,0.0
var348+var187,0.0
var210-var166,0.0
var348+var434,0.0
var348*var434,0.0
var348-var332,0.0
var348+var332,0.0
var348+var267,0.0
var348-var448,0.0
var347-var389,0.0
var210*var268,0.0
var348-var369,0.0
var348+var369,0.0
var210-var268,0.0
var348*var369,0.0
var348-var156,0.0
var348+var156,0.0
var348*var156,0.0
var348-var286,0.0
var348+var286,0.0
var348*var286,0.0
var348-var209,0.0
var348+var209,0.0
var348*var209,0.0
var348-credit_ldaed,0.0
var348+credit_ldaed,0.0
var348*var353,0.0
var210+var272,0.0
var348+var448,0.0
var348+var353,0.0
var348*var448,0.0
var348-var250,0.0
var348+var250,0.0
var348*var250,0.0
var348-var428,0.0
var348+var428,0.0
var348*var428,0.0
var348-var266,0.0
var348+var266,0.0
var348*var266,0.0
var210-var433,0.0
var348-var153,0.0
var348+var153,0.0
var348*var153,0.0
var348-var353,0.0
var348-var272,0.0
var348+var268,0.0
var348-var268,0.0
var210+var348,0.0
var210-var347,0.0
var210+var347,0.0
var210*var347,0.0
var210-var267,0.0
var210+var267,0.0
var210*var267,0.0
var210-var448,0.0
var210+var448,0.0
var210*var448,0.0
var210-var250,0.0
var210+var250,0.0
var210*var250,0.0
var210+var449,0.0
var210-var428,0.0
var210+var428,0.0
var210*var348,0.0
var210-var348,0.0
var348*var163,0.0
var210*var210,0.0
var210*var434,0.0
var210-var332,0.0
var210+var332,0.0
var210-var434,0.0
var210-var375,0.0
var210+var375,0.0
var210+var187,0.0
var210-var187,0.0
var210+var429,0.0
var210*var429,0.0
var210-var160,0.0
var210*var160,0.0
var210+var327,0.0
var210-var210,0.0
var210+var210,0.0
var210-var449,0.0
var210*var428,0.0
var210-var266,0.0
var210+var266,0.0
var210*var209,0.0
var210-credit_ldaed,0.0
var210+credit_ldaed,0.0
var210*credit_ldaed,0.0
var348-var389,0.0
var210*var166,0.0
var348+var389,0.0
var348*var389,0.0
var348-var374,0.0
var348+var374,0.0
var348*var374,0.0
var348-var155,0.0
var348+var155,0.0
var348-var163,0.0
var348+var163,0.0
var210+var209,0.0
var210-var209,0.0
var210*var286,0.0
var210*var353,0.0
var210*var266,0.0
var210-var153,0.0
var210+var153,0.0
var210*var153,0.0
var210-var353,0.0
var210+var353,0.0
var210-var369,0.0
var210+var286,0.0
var210+var369,0.0
var210*var369,0.0
var210-var156,0.0
var210+var156,0.0
var210*var156,0.0
var210-var286,0.0
var348*credit_ldaed,0.0
var347+var389,0.0
var267*var267,0.0
var327+credit_ldaed,0.0
var327*var209,0.0
var267*var389,0.0
var267-var374,0.0
var267+var374,0.0
var267*var374,0.0
var210+var434,0.0
var267+var155,0.0
var267*var155,0.0
var267-var163,0.0
var267+var163,0.0
var267*var163,0.0
var267-var268,0.0
var267+var268,0.0
var267*var268,0.0
var267-var272,0.0
var327-credit_ldaed,0.0
var267+var389,0.0
var267*var272,0.0
var267-var389,0.0
var347-var369,0.0
var347+var369,0.0
var347*var369,0.0
var347-var156,0.0
var347+var156,0.0
var347*var156,0.0
var347-var286,0.0
var347+var286,0.0
var347*var286,0.0
var347-var209,0.0
var347+var209,0.0
var347*var209,0.0
var347-credit_ldaed,0.0
var347+credit_ldaed,0.0
var347*credit_ldaed,0.0
var267+var272,0.0
var267+var433,0.0
var347*var389,0.0
var267+var429,0.0
var267-var160,0.0
var267+var160,0.0
var267*var160,0.0
var267-var327,0.0
var267+var327,0.0
var267*var327,0.0
var267-var210,0.0
var267*var210,0.0
var267+var348,0.0
var267*var348,0.0
var267-var347,0.0
var267+var347,0.0
var267*var347,0.0
var267-var267,0.0
var267+var267,0.0
var267*var429,0.0
var267*var375,0.0
var267*var433,0.0
var267+var375,0.0
var267+var166,0.0
var267-var449,0.0
var267+var449,0.0
var267*var449,0.0
var267-var187,0.0
var267+var187,0.0
var267*var187,0.0
var267-var434,0.0
var267+var434,0.0
var327+var209,0.0
var267*var434,0.0
var267-var332,0.0
var267+var332,0.0
var267*var332,0.0
var267-var375,0.0
var347*var353,0.0
var347+var353,0.0
var347-var353,0.0
var347+var449,0.0
var210*var155,0.0
var347+var187,0.0
var347-var434,0.0
var347+var434,0.0
var347*var434,0.0
var210+var155,0.0
var347-var332,0.0
var210-var155,0.0
var347+var332,0.0
var347*var332,0.0
var347-var375,0.0
var347+var375,0.0
var210*var374,0.0
var347+var429,0.0
var347*var429,0.0
var347*var449,0.0
var347*var166,0.0
var347*var153,0.0
var347+var166,0.0
var347+var374,0.0
var347-var155,0.0
var347+var155,0.0
var347*var155,0.0
var347-var163,0.0
var347+var163,0.0
var347*var163,0.0
var210+var163,0.0
var347+var268,0.0
var210-var163,0.0
var347-var272,0.0
var347+var272,0.0
var347*var272,0.0
var347+var433,0.0
var347*var433,0.0
var347+var160,0.0
var347*var160,0.0
var347-var327,0.0
var347+var327,0.0
var347*var448,0.0
var347-var250,0.0
var347+var250,0.0
var210-var389,0.0
var347*var250,0.0
var347-var428,0.0
var428+var272,0.0
var347+var428,0.0
var347*var428,0.0
var347-var266,0.0
var327*credit_ldaed,0.0
var347+var266,0.0
var347*var266,0.0
var347-var153,0.0
var347+var153,0.0
var347+var448,0.0
var210+var389,0.0
var347-var448,0.0
var347*var348,0.0
var347*var327,0.0
var347-var210,0.0
var347+var210,0.0
var347*var210,0.0
var347-var348,0.0
var347+var348,0.0
var347-var347,0.0
var210*var389,0.0
var347+var347,0.0
var347*var347,0.0
var210-var374,0.0
var347-var267,0.0
var347+var267,0.0
var347*var267,0.0
var428-var272,0.0
var266+var449,0.0
var428*var272,0.0
var156*var347,0.0
var156-var210,0.0
var156*var210,0.0
var156-var348,0.0
var156+var348,0.0
var156*var348,0.0
var156-var347,0.0
var156+var347,0.0
var156-var267,0.0
var156+var327,0.0
var156+var267,0.0
var156+var448,0.0
var156-var250,0.0
var156*var250,0.0
var156-var266,0.0
var156+var266,0.0
var156*var266,0.0
var156*var327,0.0
var156-var327,0.0
var156+var449,0.0
var156*var332,0.0
var156+var187,0.0
var156*var187,0.0
var156-var434,0.0
var156+var434,0.0
var156*var434,0.0
var156-var332,0.0
var156+var332,0.0
var156-var375,0.0
var156*var160,0.0
var156+var375,0.0
var156*var375,0.0
var156-var429,0.0
var156+var429,0.0
var156*var429,0.0
var156-var160,0.0
var156+var160,0.0
var156-var153,0.0
var156+var153,0.0
var156-var353,0.0
var286-var272,0.0
var286+var374,0.0
var286-var155,0.0
var286+var155,0.0
var286-var163,0.0
var286+var163,0.0
var286*var163,0.0
var286+var268,0.0
var286*var272,0.0
var156+var353,0.0
var286-var433,0.0
var286+var433,0.0
var286*var433,0.0
var286-var166,0.0
var286+var166,0.0
var286*var166,0.0
var286+var449,0.0
var286-var374,0.0
var286*var389,0.0
var286+var389,0.0
var286-var389,0.0
var156*var353,0.0
var156-var369,0.0
var156+var369,0.0
var156-var156,0.0
var156+var156,0.0
var156*var156,0.0
var156-var286,0.0
var156+var286,0.0
var156*var286,0.0
var156-var209,0.0
var156+var209,0.0
var156*var209,0.0
var156-credit_ldaed,0.0
var156+credit_ldaed,0.0
var156*credit_ldaed,0.0
var156*var449,0.0
var156-var449,0.0
var428-var433,0.0
var369-var267,0.0
var369+var327,0.0
var369*var327,0.0
var369-var348,0.0
var369+var348,0.0
var369-var347,0.0
var369+var347,0.0
var369*var347,0.0
var369+var448,0.0
var369+var160,0.0
var369-var250,0.0
var369+var250,0.0
var369*var250,0.0
var369+var428,0.0
var369*var428,0.0
var369-var266,0.0
var369+var266,0.0
var369-var327,0.0
var369-var160,0.0
var156+var166,0.0
var369+var449,0.0
var369*var272,0.0
var369-var433,0.0
var369+var433,0.0
var369*var433,0.0
var369-var166,0.0
var369+var166,0.0
var369*var166,0.0
var369-var187,0.0
var369+var429,0.0
var369+var187,0.0
var369*var187,0.0
var369*var332,0.0
var369-var375,0.0
var369+var375,0.0
var369*var375,0.0
var369-var429,0.0
var369*var266,0.0
var369-var153,0.0
var369+var153,0.0
var156-var163,0.0
var156*var389,0.0
var156-var374,0.0
var156+var374,0.0
var156*var374,0.0
var156-var155,0.0
var156+var155,0.0
var156*var155,0.0
var156+var163,0.0
var369-var353,0.0
var156*var163,0.0
var156-var268,0.0
var156-var272,0.0
var156-var433,0.0
var156+var433,0.0
var156*var433,0.0
var156-var166,0.0
var156+var389,0.0
var156-var389,0.0
var369*credit_ldaed,0.0
var369+credit_ldaed,0.0
var369+var353,0.0
var369*var353,0.0
var369-var369,0.0
var369+var369,0.0
var369*var369,0.0
var369-var156,0.0
var369+var156,0.0
var369*var156,0.0
var369-var286,0.0
var369+var286,0.0
var369*var286,0.0
var369-var209,0.0
var369+var209,0.0
var369*var209,0.0
var369-credit_ldaed,0.0
var286+var187,0.0
var286-var434,0.0
var286*var434,0.0
var209+var156,0.0
var209+var428,0.0
var209+var266,0.0
var209+var153,0.0
var209-var353,0.0
var209*var353,0.0
var209-var369,0.0
var209+var369,0.0
var209*var156,0.0
var209+var250,0.0
var209+var286,0.0
var209-var209,0.0
var209+var209,0.0
var209*var209,0.0
var209-credit_ldaed,0.0
var209+credit_ldaed,0.0
var209*credit_ldaed,0.0
var209*var250,0.0
var209-var250,0.0
var286-var332,0.0
var209+var210,0.0
var209+var429,0.0
var209*var429,0.0
var209-var160,0.0
var209+var160,0.0
var209-var327,0.0
var209+var327,0.0
var209*var327,0.0
var209*var210,0.0
var209+var448,0.0
var209-var348,0.0
var209+var348,0.0
var209*var348,0.0
var209+var347,0.0
var209*var347,0.0
var209-var267,0.0
var209+var267,0.0
credit_ldaed*var389,0.0
credit_ldaed*var374,0.0
credit_ldaed-var155,0.0
credit_ldaed*var267,0.0
credit_ldaed-var160,0.0
credit_ldaed-var327,0.0
credit_ldaed+var327,0.0
credit_ldaed-var348,0.0
credit_ldaed+var348,0.0
credit_ldaed*var348,0.0
credit_ldaed*var347,0.0
credit_ldaed*var266,0.0
credit_ldaed*var155,0.0
credit_ldaed+var153,0.0
credit_ldaed*var353,0.0
credit_ldaed+var369,0.0
credit_ldaed-var156,0.0
credit_ldaed+var286,0.0
credit_ldaed*var286,0.0
credit_ldaed-credit_ldaed,0.0
credit_ldaed*var429,0.0
credit_ldaed+var429,0.0
credit_ldaed-var429,0.0
credit_ldaed*var375,0.0
credit_ldaed+var163,0.0
credit_ldaed*var163,0.0
credit_ldaed-var272,0.0
credit_ldaed+var272,0.0
credit_ldaed*var272,0.0
credit_ldaed-var433,0.0
credit_ldaed-var166,0.0
credit_ldaed+var166,0.0
credit_ldaed*var166,0.0
credit_ldaed*var449,0.0
credit_ldaed+var187,0.0
credit_ldaed*var187,0.0
credit_ldaed+var332,0.0
credit_ldaed*var332,0.0
credit_ldaed+var375,0.0
var209-var429,0.0
var209*var375,0.0
var209+var375,0.0
var286*var428,0.0
var286+var448,0.0
var286*var448,0.0
var286-var250,0.0
var286+var250,0.0
var286*var250,0.0
var286-var428,0.0
var286+var428,0.0
var286+var266,0.0
var286-var156,0.0
var286*var266,0.0
var286-var153,0.0
var286+var153,0.0
var286*var153,0.0
var286+var353,0.0
var286*var353,0.0
var286-var369,0.0
var286-var448,0.0
var286*var267,0.0
var286+var267,0.0
var286*var347,0.0
var286+var332,0.0
var286*var332,0.0
var286+var375,0.0
var286-var429,0.0
var286+var429,0.0
var286*var429,0.0
var286-var160,0.0
var286-var327,0.0
var286*var327,0.0
var286+var210,0.0
var286*var210,0.0
var286-var348,0.0
var286+var348,0.0
var286-var347,0.0
var286+var347,0.0
var286*var369,0.0
var286+var156,0.0
var209-var375,0.0
var209+var449,0.0
var209-var272,0.0
var209+var272,0.0
var209*var272,0.0
var209-var433,0.0
var209*var433,0.0
var209+var166,0.0
var209-var449,0.0
var209-var187,0.0
var286-var286,0.0
var209+var187,0.0
var209-var434,0.0
var209+var434,0.0
var209*var434,0.0
var209-var332,0.0
var209+var332,0.0
var209*var332,0.0
var209*var268,0.0
var209+var268,0.0
var209*var163,0.0
var209+var163,0.0
var286+var286,0.0
var286*var286,0.0
var286-var209,0.0
var286+var209,0.0
var286*var209,0.0
var286-credit_ldaed,0.0
var286+credit_ldaed,0.0
var286*credit_ldaed,0.0
var209-var389,0.0
var209+var389,0.0
var209*var389,0.0
var209-var374,0.0
var209+var374,0.0
var209+var155,0.0
var209-var163,0.0
var369+var272,0.0
var369-var272,0.0
var369*var268,0.0
var266+var347,0.0
var266+var327,0.0
var266*var327,0.0
var266-var210,0.0
var266*var210,0.0
var266-var348,0.0
var266*var348,0.0
var266-var347,0.0
var266*var347,0.0
var266*var160,0.0
var266-var267,0.0
var266+var267,0.0
var266*var267,0.0
var266-var448,0.0
var266+var448,0.0
var266+var250,0.0
var266*var250,0.0
var266-var327,0.0
var266-var160,0.0
var153+var272,0.0
var266+var434,0.0
var266+var272,0.0
var266*var272,0.0
var266+var433,0.0
var266+var166,0.0
var266*var166,0.0
var327*var353,0.0
var266+var187,0.0
var266*var434,0.0
var266*var429,0.0
var266-var332,0.0
var266+var332,0.0
var266*var332,0.0
var266-var375,0.0
var266*var375,0.0
var266-var429,0.0
var266+var429,0.0
var266+var428,0.0
var266*var428,0.0
var266-var266,0.0
var153+var374,0.0
var266-credit_ldaed,0.0
var266+credit_ldaed,0.0
var266*credit_ldaed,0.0
var153-var389,0.0
var153+var389,0.0
var153*var389,0.0
var153-var374,0.0
var153*var374,0.0
var266+var266,0.0
var153-var155,0.0
var153+var155,0.0
var153*var155,0.0
var153-var163,0.0
var153+var163,0.0
var153*var163,0.0
var153-var268,0.0
var266*var209,0.0
var266+var209,0.0
var266-var209,0.0
var266*var286,0.0
var266*var266,0.0
var266-var153,0.0
var266+var153,0.0
var266*var153,0.0
var266-var353,0.0
var266+var353,0.0
var266*var353,0.0
var266-var369,0.0
var266+var369,0.0
var266*var369,0.0
var266-var156,0.0
var266+var156,0.0
var266*var156,0.0
var266-var286,0.0
var266+var286,0.0
var266-var272,0.0
var266*var268,0.0
var266+var268,0.0
var428*var348,0.0
var428*var160,0.0
var428-var327,0.0
var428+var327,0.0
var428*var327,0.0
var428+var210,0.0
var428*var210,0.0
var428+var348,0.0
var428+var347,0.0
var428+var250,0.0
var428*var347,0.0
var428-var267,0.0
var428+var267,0.0
var428*var267,0.0
var428-var448,0.0
var428+var448,0.0
var428*var448,0.0
var428+var160,0.0
var428*var429,0.0
var428+var429,0.0
var428-var429,0.0
var428+var433,0.0
var428*var433,0.0
var428+var166,0.0
var428-var449,0.0
var428+var449,0.0
var428+var187,0.0
var428*var187,0.0
var428+var434,0.0
var428*var434,0.0
var428-var332,0.0
var428+var332,0.0
var428*var332,0.0
var428-var375,0.0
var428+var375,0.0
var428*var375,0.0
var428-var250,0.0
var428*var250,0.0
var266-var268,0.0
var266+var389,0.0
var428*var286,0.0
var428-var209,0.0
var428+var209,0.0
var428*var209,0.0
var428-credit_ldaed,0.0
var428+credit_ldaed,0.0
var428*credit_ldaed,0.0
var266*var389,0.0
var428-var428,0.0
var266-var374,0.0
var266+var374,0.0
var266-var155,0.0
var266+var155,0.0
var266-var163,0.0
var266+var163,0.0
var266*var163,0.0
var428+var286,0.0
var428-var286,0.0
var428*var156,0.0
var428+var156,0.0
var428+var428,0.0
var428*var428,0.0
var428-var266,0.0
var428+var266,0.0
var428*var266,0.0
var428-var153,0.0
var428+var153,0.0
var428*var153,0.0
var428-var353,0.0
var428+var353,0.0
var428*var353,0.0
var428-var369,0.0
var428+var369,0.0
var428*var369,0.0
var428-var156,0.0
var153-var272,0.0
var153*var272,0.0
var369-var268,0.0
var353+var210,0.0
var353-var160,0.0
var353+var160,0.0
var353*var160,0.0
var353-var327,0.0
var353+var327,0.0
var353*var327,0.0
var353-var210,0.0
var353-var348,0.0
var353-var429,0.0
var353+var348,0.0
var353-var347,0.0
var353*var347,0.0
var353-var267,0.0
var353+var267,0.0
var353*var267,0.0
var353-var448,0.0
var353*var429,0.0
var353*var375,0.0
var153-var433,0.0
var353-var187,0.0
var353+var433,0.0
var353*var433,0.0
var353-var166,0.0
var353+var166,0.0
var353*var166,0.0
var353-var449,0.0
var353+var449,0.0
var353+var187,0.0
var353+var375,0.0
var353*var187,0.0
var353-var434,0.0
var353+var434,0.0
var353*var434,0.0
var353-var332,0.0
var353+var332,0.0
var353*var332,0.0
var353+var448,0.0
var353*var448,0.0
var353-var250,0.0
var353+credit_ldaed,0.0
var353-var286,0.0
var353+var286,0.0
var353*var286,0.0
var353-var209,0.0
var353+var209,0.0
var353*var209,0.0
var353-credit_ldaed,0.0
var353*credit_ldaed,0.0
var353+var250,0.0
var369-var389,0.0
var369+var389,0.0
var369*var389,0.0
var369+var374,0.0
var369*var374,0.0
var369-var163,0.0
var369+var163,0.0
var353*var156,0.0
var353+var156,0.0
var353-var156,0.0
var353*var369,0.0
var353*var250,0.0
var353-var428,0.0
var353+var428,0.0
var353*var428,0.0
var353-var266,0.0
var353+var266,0.0
var353*var266,0.0
var353-var153,0.0
var353+var153,0.0
var353*var153,0.0
var353-var353,0.0
var353+var353,0.0
var353*var353,0.0
var353-var369,0.0
var353+var369,0.0
var353-var433,0.0
var353*var272,0.0
var353+var272,0.0
var153+var210,0.0
var153*var429,0.0
var153-var160,0.0
var153*var160,0.0
var153-var327,0.0
var153+var327,0.0
var153*var327,0.0
var153-var210,0.0
var153-var348,0.0
var153-var250,0.0
var153+var348,0.0
var153-var347,0.0
var153+var347,0.0
var153*var347,0.0
var153-var267,0.0
var153*var267,0.0
var153-var448,0.0
var153+var429,0.0
var153+var375,0.0
var153-var375,0.0
var153*var332,0.0
var153+var433,0.0
var153*var433,0.0
var153-var166,0.0
var153*var166,0.0
var153-var449,0.0
var153+var449,0.0
var153*var449,0.0
var153-var187,0.0
var153+var187,0.0
var153*var187,0.0
var153-var434,0.0
var153+var434,0.0
var153*var434,0.0
var153-var332,0.0
var153+var332,0.0
var153+var448,0.0
var153+var250,0.0
var353-var272,0.0
var353*var389,0.0
var153+var209,0.0
var153*var209,0.0
var153-credit_ldaed,0.0
var153+credit_ldaed,0.0
var153*credit_ldaed,0.0
var353-var389,0.0
var353+var389,0.0
var353-var374,0.0
var153+var428,0.0
var353+var374,0.0
var353*var374,0.0
var353-var155,0.0
var353+var155,0.0
var353*var155,0.0
var353+var163,0.0
var353+var268,0.0
var153-var209,0.0
var153*var286,0.0
var153+var286,0.0
var153-var286,0.0
var153-var266,0.0
var153+var266,0.0
var153*var266,0.0
var153-var153,0.0
var153+var153,0.0
var153*var153,0.0
var153-var353,0.0
var153+var353,0.0
var153*var353,0.0
var153-var369,0.0
var153+var369,0.0
var153*var369,0.0
var153-var156,0.0
var153+var156,0.0
var153*var156,0.0
var327-var369,0.0
var389-var389,0.0
var327+var353,0.0
var163-var353,0.0
var272-var163,0.0
var272+var163,0.0
var272*var163,0.0
var272-var268,0.0
var272+var268,0.0
var272-var272,0.0
var272+var272,0.0
var272-var433,0.0
var272+var433,0.0
var272*var433,0.0
var272-var166,0.0
var272+var166,0.0
var272*var166,0.0
var272-var449,0.0
var272+var449,0.0
var272*var449,0.0
var272-var187,0.0
var272+var187,0.0
var272*var187,0.0
var272*var155,0.0
var272+var155,0.0
var272*var374,0.0
var268+var286,0.0
var268*var353,0.0
var268-var369,0.0
var268+var369,0.0
var268*var369,0.0
var268-var156,0.0
var268+var156,0.0
var268*var156,0.0
var268-var286,0.0
var268*var286,0.0
var272+var374,0.0
var268-var209,0.0
var268+var209,0.0
var268*var209,0.0
var268-credit_ldaed,0.0
var268+credit_ldaed,0.0
var268*credit_ldaed,0.0
var272+var389,0.0
var272-var374,0.0
var272-var434,0.0
var272+var434,0.0
var272*var434,0.0
var272+var250,0.0
var272*var347,0.0
var272-var267,0.0
var272+var267,0.0
var272*var267,0.0
var272-var448,0.0
var272+var448,0.0
var272*var448,0.0
var272-var250,0.0
var272*var250,0.0
var272-var347,0.0
var272-var428,0.0
var272+var428,0.0
var272*var428,0.0
var272-var266,0.0
var272+var266,0.0
var272*var266,0.0
var272-var153,0.0
var272+var153,0.0
var272+var347,0.0
var272*var348,0.0
var272-var332,0.0
var272-var160,0.0
var272+var332,0.0
var272*var332,0.0
var272-var375,0.0
var272+var375,0.0
var272*var375,0.0
var272-var429,0.0
var272+var429,0.0
var272*var429,0.0
var272+var160,0.0
var272+var348,0.0
var272*var160,0.0
var272-var327,0.0
var272+var327,0.0
var272*var327,0.0
var272-var210,0.0
var272+var210,0.0
var272*var210,0.0
var272-var348,0.0
var268+var353,0.0
var268-var353,0.0
var268*var153,0.0
var268+var433,0.0
var268+var163,0.0
var268*var163,0.0
var268-var268,0.0
var268+var268,0.0
var268-var272,0.0
var268+var272,0.0
var268*var272,0.0
var268-var433,0.0
var268*var433,0.0
var268+var155,0.0
var268-var166,0.0
var268+var166,0.0
var268*var166,0.0
var268-var449,0.0
var268+var449,0.0
var268*var449,0.0
var268-var187,0.0
var268+var187,0.0
var268-var163,0.0
var268-var155,0.0
var268-var434,0.0
var163+var286,0.0
var163*var353,0.0
var163-var369,0.0
var163+var369,0.0
var163*var369,0.0
var163-var156,0.0
var163+var156,0.0
var163*var156,0.0
var163-var286,0.0
var163*var286,0.0
var268+var374,0.0
var163-var209,0.0
var163+var209,0.0
var163*var209,0.0
var163-credit_ldaed,0.0
var163+credit_ldaed,0.0
var163*credit_ldaed,0.0
var268-var389,0.0
var268-var374,0.0
var268*var187,0.0
var268+var434,0.0
var268+var153,0.0
var268-var250,0.0
var268+var347,0.0
var268*var347,0.0
var268-var267,0.0
var268+var267,0.0
var268*var267,0.0
var268-var448,0.0
var268+var448,0.0
var268*var448,0.0
var268+var250,0.0
var268*var348,0.0
var268*var250,0.0
var268-var428,0.0
var268+var428,0.0
var268*var428,0.0
var268-var266,0.0
var268+var266,0.0
var268*var266,0.0
var268-var153,0.0
var268-var347,0.0
var268+var348,0.0
var268*var434,0.0
var268*var429,0.0
var268-var332,0.0
var268+var332,0.0
var268*var332,0.0
var268-var375,0.0
var268+var375,0.0
var268*var375,0.0
var268-var429,0.0
var268+var429,0.0
var268-var160,0.0
var268-var348,0.0
var268+var160,0.0
var268*var160,0.0
var268-var327,0.0
var268+var327,0.0
var268*var327,0.0
var268-var210,0.0
var268+var210,0.0
var268*var210,0.0
var272*var153,0.0
var272-var353,0.0
var272+var353,0.0
var166+var272,0.0
var166+var374,0.0
var166*var374,0.0
var166-var155,0.0
var166+var155,0.0
var166-var163,0.0
var166+var163,0.0
var166*var163,0.0
var166+var268,0.0
var166*var272,0.0
var166*var389,0.0
var166-var433,0.0
var166+var433,0.0
var166*var433,0.0
var166-var166,0.0
var166+var166,0.0
var166*var166,0.0
var166-var449,0.0
var166+var449,0.0
var166-var374,0.0
var166+var389,0.0
var166-var187,0.0
var433*var156,0.0
var433-var353,0.0
var433+var353,0.0
var433*var353,0.0
var433-var369,0.0
var433+var369,0.0
var433*var369,0.0
var433-var156,0.0
var433+var156,0.0
var433-var286,0.0
var166-var389,0.0
var433+var286,0.0
var433*var286,0.0
var433-var209,0.0
var433+var209,0.0
var433*var209,0.0
var433-credit_ldaed,0.0
var433+credit_ldaed,0.0
var433*credit_ldaed,0.0
var166*var449,0.0
var166+var187,0.0
var433+var153,0.0
var166-var448,0.0
var166+var348,0.0
var166*var348,0.0
var166-var347,0.0
var166+var347,0.0
var166*var347,0.0
var166-var267,0.0
var166+var267,0.0
var166*var267,0.0
var166+var448,0.0
var166*var210,0.0
var166*var448,0.0
var166-var250,0.0
var166+var250,0.0
var166*var250,0.0
var166-var428,0.0
var166+var428,0.0
var166*var428,0.0
var166-var266,0.0
var166-var348,0.0
var166+var210,0.0
var166*var187,0.0
var166*var375,0.0
var166-var434,0.0
var166+var434,0.0
var166*var434,0.0
var166-var332,0.0
var166+var332,0.0
var166*var332,0.0
var166-var375,0.0
var166+var375,0.0
var166-var429,0.0
var166-var210,0.0
var166+var429,0.0
var166*var429,0.0
var166-var160,0.0
var166+var160,0.0
var166*var160,0.0
var166-var327,0.0
var166+var327,0.0
var166*var327,0.0
var433*var153,0.0
var433-var153,0.0
var272*var353,0.0
var433*var272,0.0
var433*var155,0.0
var433-var163,0.0
var433+var163,0.0
var433*var163,0.0
var433-var268,0.0
var433*var268,0.0
var433-var272,0.0
var433+var272,0.0
var433-var433,0.0
var433-var155,0.0
var433+var433,0.0
var433*var433,0.0
var433-var166,0.0
var433+var166,0.0
var433*var166,0.0
var433-var449,0.0
var433+var449,0.0
var433*var449,0.0
var433+var155,0.0
var433*var374,0.0
var433+var187,0.0
var272*var286,0.0
var272-var369,0.0
var272+var369,0.0
var272*var369,0.0
var272-var156,0.0
var272+var156,0.0
var272*var156,0.0
var272-var286,0.0
var272+var286,0.0
var272-var209,0.0
var433+var374,0.0
var272+var209,0.0
var272*var209,0.0
var272-credit_ldaed,0.0
var272+credit_ldaed,0.0
var272*credit_ldaed,0.0
var433+var389,0.0
var433*var389,0.0
var433-var374,0.0
var433-var187,0.0
var433*var187,0.0
var433*var266,0.0
var433+var448,0.0
var433*var348,0.0
var433-var347,0.0
var433+var347,0.0
var433*var347,0.0
var433-var267,0.0
var433+var267,0.0
var433*var267,0.0
var433-var448,0.0
var433*var448,0.0
var433-var348,0.0
var433-var250,0.0
var433+var250,0.0
var433*var250,0.0
var433-var428,0.0
var433+var428,0.0
var433*var428,0.0
var433-var266,0.0
var433+var266,0.0
var433+var348,0.0
var433*var210,0.0
var433-var434,0.0
var433-var429,0.0
var433+var434,0.0
var433*var434,0.0
var433-var332,0.0
var433+var332,0.0
var433*var332,0.0
var433-var375,0.0
var433+var375,0.0
var433*var375,0.0
var433+var429,0.0
var433+var210,0.0
var433*var429,0.0
var433-var160,0.0
var433+var160,0.0
var433*var160,0.0
var433-var327,0.0
var433+var327,0.0
var433*var327,0.0
var433-var210,0.0
var163+var353,0.0
var163*var153,0.0
var327-var353,0.0
var163+var153,0.0
var374+var433,0.0
var374*var433,0.0
var374-var166,0.0
var374+var166,0.0
var374*var166,0.0
var374-var449,0.0
var374+var449,0.0
var374*var449,0.0
var374-var187,0.0
var374+var187,0.0
var374*var187,0.0
var374-var434,0.0
var374+var434,0.0
var374*var434,0.0
var374-var332,0.0
var374+var332,0.0
var374*var332,0.0
var374-var375,0.0
var374+var375,0.0
var374-var433,0.0
var374*var272,0.0
var374+var272,0.0
var374*var374,0.0
var389-credit_ldaed,0.0
var389+credit_ldaed,0.0
var389*credit_ldaed,0.0
var374-var389,0.0
var374+var389,0.0
var374*var389,0.0
var374-var374,0.0
var374+var374,0.0
var374-var155,0.0
var374-var272,0.0
var374+var155,0.0
var374*var155,0.0
var374-var163,0.0
var374+var163,0.0
var374*var163,0.0
var374-var268,0.0
var374+var268,0.0
var374*var268,0.0
var374*var375,0.0
var374-var429,0.0
var374+var429,0.0
var374-var153,0.0
var374+var250,0.0
var374*var250,0.0
var374-var428,0.0
var374+var428,0.0
var374*var428,0.0
var374-var266,0.0
var374+var266,0.0
var374*var266,0.0
var374+var153,0.0
var374*var448,0.0
var374*var153,0.0
var374-var353,0.0
var374+var353,0.0
var374*var353,0.0
var374-var369,0.0
var374+var369,0.0
var374*var369,0.0
var374-var156,0.0
var374-var250,0.0
var374+var448,0.0
var374*var429,0.0
var374*var210,0.0
var374-var160,0.0
var374+var160,0.0
var374*var160,0.0
var374-var327,0.0
var374+var327,0.0
var374*var327,0.0
var374-var210,0.0
var374+var210,0.0
var374-var348,0.0
var374-var448,0.0
var374+var348,0.0
var374*var348,0.0
var374-var347,0.0
var374+var347,0.0
var374*var347,0.0
var374-var267,0.0
var374+var267,0.0
var374*var267,0.0
var389*var209,0.0
var389+var209,0.0
var389-var209,0.0
var389*var434,0.0
var389-var449,0.0
var389+var449,0.0
var389*var449,0.0
var389-var187,0.0
var389+var187,0.0
var389*var187,0.0
var389-var434,0.0
var389+var434,0.0
var389-var332,0.0
var389+var166,0.0
var389+var332,0.0
var389*var332,0.0
var389-var375,0.0
var389+var375,0.0
var389*var375,0.0
var389-var429,0.0
var389+var429,0.0
var389*var429,0.0
var389*var166,0.0
var389-var166,0.0
var389+var160,0.0
var389+var163,0.0
var389*var389,0.0
var389-var374,0.0
var389+var374,0.0
var389*var374,0.0
var389-var155,0.0
var389+var155,0.0
var389*var155,0.0
var389-var163,0.0
var389*var163,0.0
var389*var433,0.0
var389-var268,0.0
var389+var268,0.0
var389*var268,0.0
var389-var272,0.0
var389+var272,0.0
var389*var272,0.0
var389-var433,0.0
var389+var433,0.0
var389-var160,0.0
var389*var160,0.0
var389*var286,0.0
var389+var353,0.0
var389*var428,0.0
var389-var266,0.0
var389+var266,0.0
var389*var266,0.0
var389-var153,0.0
var389+var153,0.0
var389*var153,0.0
var389-var353,0.0
var389*var353,0.0
var389-var428,0.0
var389-var369,0.0
var389+var369,0.0
var389*var369,0.0
var389-var156,0.0
var389+var156,0.0
var389*var156,0.0
var389-var286,0.0
var389+var286,0.0
var389+var428,0.0
var389*var250,0.0
var389-var327,0.0
var389-var347,0.0
var389+var327,0.0
var389*var327,0.0
var389-var210,0.0
var389+var210,0.0
var389*var210,0.0
var389-var348,0.0
var389+var348,0.0
var389*var348,0.0
var389+var347,0.0
var389+var250,0.0
var389*var347,0.0
var389-var267,0.0
var389+var267,0.0
var389*var267,0.0
var389-var448,0.0
var389+var448,0.0
var389*var448,0.0
var389-var250,0.0
var374+var156,0.0
var374*var156,0.0
var374-var286,0.0
var163+var433,0.0
var163*var163,0.0
var163-var268,0.0
var163+var268,0.0
var163*var268,0.0
var163-var272,0.0
var163+var272,0.0
var163*var272,0.0
var163-var433,0.0
var163*var433,0.0
var163-var163,0.0
var163-var166,0.0
var163+var166,0.0
var163*var166,0.0
var163-var449,0.0
var163+var449,0.0
var163*var449,0.0
var163-var187,0.0
var163+var187,0.0
var163+var163,0.0
var163*var155,0.0
var163-var434,0.0
var155-credit_ldaed,0.0
var155+var156,0.0
var155*var156,0.0
var155-var286,0.0
var155+var286,0.0
var155*var286,0.0
var155-var209,0.0
var155+var209,0.0
var155*var209,0.0
var155+credit_ldaed,0.0
var163+var155,0.0
var155*credit_ldaed,0.0
var163-var389,0.0
var163+var389,0.0
var163*var389,0.0
var163-var374,0.0
var163+var374,0.0
var163*var374,0.0
var163-var155,0.0
var163*var187,0.0
var163+var434,0.0
var155*var369,0.0
var163-var250,0.0
var163+var347,0.0
var163*var347,0.0
var163-var267,0.0
var163+var267,0.0
var163*var267,0.0
var163-var448,0.0
var163+var448,0.0
var163*var448,0.0
var163+var250,0.0
var163*var348,0.0
var163*var250,0.0
var163-var428,0.0
var163+var428,0.0
var163*var428,0.0
var163-var266,0.0
var163+var266,0.0
var163*var266,0.0
var163-var153,0.0
var163-var347,0.0
var163+var348,0.0
var163*var434,0.0
var163*var429,0.0
var163-var332,0.0
var163+var332,0.0
var163*var332,0.0
var163-var375,0.0
var163+var375,0.0
var163*var375,0.0
var163-var429,0.0
var163+var429,0.0
var163-var160,0.0
var163-var348,0.0
var163+var160,0.0
var163*var160,0.0
var163-var327,0.0
var163+var327,0.0
var163*var327,0.0
var163-var210,0.0
var163+var210,0.0
var163*var210,0.0
var155-var156,0.0
var155+var369,0.0
var374+var286,0.0
var155-var449,0.0
var155+var272,0.0
var155*var272,0.0
var155-var433,0.0
var155+var433,0.0
var155*var433,0.0
var155-var166,0.0
var155+var166,0.0
var155*var166,0.0
var155+var449,0.0
var155*var268,0.0
var155*var449,0.0
var155-var187,0.0
var155+var187,0.0
var155*var187,0.0
var155-var434,0.0
var155+var434,0.0
var155*var434,0.0
var155-var332,0.0
var155-var272,0.0
var155+var268,0.0
var155*var332,0.0
var155+var389,0.0
var374*var286,0.0
var374-var209,0.0
var374+var209,0.0
var374*var209,0.0
var374-credit_ldaed,0.0
var374+credit_ldaed,0.0
var374*credit_ldaed,0.0
var155-var389,0.0
var155*var389,0.0
var155-var268,0.0
var155-var374,0.0
var155*var374,0.0
var155-var155,0.0
var155+var155,0.0
var155*var155,0.0
var155-var163,0.0
var155+var163,0.0
var155*var163,0.0
var155+var332,0.0
var155-var375,0.0
var155-var369,0.0
var155*var428,0.0
var155-var448,0.0
var155+var448,0.0
var155*var448,0.0
var155-var250,0.0
var155+var250,0.0
var155*var250,0.0
var155-var428,0.0
var155+var428,0.0
var155-var266,0.0
var155+var267,0.0
var155+var266,0.0
var155*var266,0.0
var155-var153,0.0
var155+var153,0.0
var155*var153,0.0
var155-var353,0.0
var155+var353,0.0
var155*var353,0.0
var155*var267,0.0
var155-var267,0.0
var155+var375,0.0
var155+var327,0.0
var155*var375,0.0
var155-var429,0.0
var155+var429,0.0
var155*var429,0.0
var155-var160,0.0
var155+var160,0.0
var155*var160,0.0
var155-var327,0.0
var155*var327,0.0
var155*var347,0.0
var155-var210,0.0
var155+var210,0.0
var155*var210,0.0
var155-var348,0.0
var155+var348,0.0
var155*var348,0.0
var155-var347,0.0
var155+var347,0.0
var166+var266,0.0
var166*var266,0.0
var166-var153,0.0
var166+var153,0.0
var429-var389,0.0
var429+var389,0.0
var429*var389,0.0
var429-var374,0.0
var429*var374,0.0
var429-var155,0.0
var429*var155,0.0
var429-var163,0.0
var429+var163,0.0
var429*var163,0.0
var429-var268,0.0
var429+var268,0.0
var429*var268,0.0
var429-var272,0.0
var429-var433,0.0
var429+var433,0.0
var429-var166,0.0
var429+var166,0.0
var429*var166,0.0
var375*credit_ldaed,0.0
var375+credit_ldaed,0.0
var375-credit_ldaed,0.0
var375+var369,0.0
var375*var266,0.0
var375-var153,0.0
var375+var153,0.0
var375*var153,0.0
var375-var353,0.0
var375+var353,0.0
var375*var353,0.0
var375-var369,0.0
var375*var369,0.0
var375*var209,0.0
var375-var156,0.0
var375+var156,0.0
var375*var156,0.0
var375-var286,0.0
var375+var286,0.0
var375*var286,0.0
var375-var209,0.0
var375+var209,0.0
var429-var449,0.0
var429+var449,0.0
var429*var449,0.0
var429-var448,0.0
var429+var348,0.0
var429*var348,0.0
var429-var347,0.0
var429+var347,0.0
var429*var347,0.0
var429-var267,0.0
var429+var267,0.0
var429*var267,0.0
var429+var448,0.0
var429*var210,0.0
var429*var448,0.0
var429-var250,0.0
var429+var250,0.0
var429*var250,0.0
var429-var428,0.0
var429+var428,0.0
var429*var428,0.0
var429-var266,0.0
var429-var348,0.0
var429+var210,0.0
var429-var187,0.0
var429*var375,0.0
var429+var187,0.0
var429*var187,0.0
var429-var434,0.0
var429+var434,0.0
var429+var332,0.0
var429*var332,0.0
var429-var375,0.0
var429+var375,0.0
var429-var429,0.0
var429-var210,0.0
var429+var429,0.0
var429*var429,0.0
var429-var160,0.0
var429+var160,0.0
var429*var160,0.0
var429-var327,0.0
var429+var327,0.0
var429*var327,0.0
var375+var266,0.0
var375-var266,0.0
var375*var428,0.0
var375+var163,0.0
var375-var389,0.0
var375+var389,0.0
var375*var389,0.0
var375*var374,0.0
var375-var155,0.0
var375+var155,0.0
var375*var155,0.0
var375-var163,0.0
var375*var163,0.0
var332+credit_ldaed,0.0
var375-var268,0.0
var375+var268,0.0
var375*var268,0.0
var375-var272,0.0
var375+var272,0.0
var375*var272,0.0
var375-var433,0.0
var375+var433,0.0
var332*credit_ldaed,0.0
var332-credit_ldaed,0.0
var375+var166,0.0
var332+var369,0.0
var332*var266,0.0
var332-var153,0.0
var332+var153,0.0
var332*var153,0.0
var332-var353,0.0
var332+var353,0.0
var332*var353,0.0
var332-var369,0.0
var332*var369,0.0
var332*var209,0.0
var332-var156,0.0
var332+var156,0.0
var332*var156,0.0
var332-var286,0.0
var332+var286,0.0
var332*var286,0.0
var332-var209,0.0
var332+var209,0.0
var375-var166,0.0
var375*var166,0.0
var375+var428,0.0
var375-var267,0.0
var375+var210,0.0
var375*var210,0.0
var375-var348,0.0
var375+var348,0.0
var375*var348,0.0
var375-var347,0.0
var375+var347,0.0
var375*var347,0.0
var375+var267,0.0
var375*var327,0.0
var375*var267,0.0
var375-var448,0.0
var375+var448,0.0
var375*var448,0.0
var375-var250,0.0
var375+var250,0.0
var375*var250,0.0
var375-var428,0.0
var375-var210,0.0
var375+var327,0.0
var375-var449,0.0
var375*var332,0.0
var375+var449,0.0
var375*var449,0.0
var375-var187,0.0
var375+var187,0.0
var375*var187,0.0
var375+var434,0.0
var375-var332,0.0
var375+var332,0.0
var375-var375,0.0
var375-var327,0.0
var375+var375,0.0
var375*var375,0.0
var375-var429,0.0
var375+var429,0.0
var375*var429,0.0
var375-var160,0.0
var375+var160,0.0
var375*var160,0.0
var429+var266,0.0
var429*var266,0.0
var429-var153,0.0
var327+var272,0.0
var327-var155,0.0
var327+var155,0.0
var327*var155,0.0
var327+var163,0.0
var327*var163,0.0
var327-var268,0.0
var327+var268,0.0
var327*var268,0.0
var327*var272,0.0
var327+var374,0.0
var327-var433,0.0
var327+var433,0.0
var327*var433,0.0
var327+var166,0.0
var327*var166,0.0
var327-var449,0.0
var327+var449,0.0
var327-var187,0.0
var327*var374,0.0
var327-var374,0.0
var327*var187,0.0
var160+var286,0.0
var160*var353,0.0
var160-var369,0.0
var160+var369,0.0
var160*var369,0.0
var160-var156,0.0
var160+var156,0.0
var160*var156,0.0
var160-var286,0.0
var160*var286,0.0
var327*var389,0.0
var160-var209,0.0
var160+var209,0.0
var160*var209,0.0
var160-credit_ldaed,0.0
var160+credit_ldaed,0.0
var160*credit_ldaed,0.0
var327-var389,0.0
var327+var389,0.0
var327+var187,0.0
var327+var434,0.0
var160-var353,0.0
var327*var250,0.0
var327-var267,0.0
var327+var267,0.0
var327*var267,0.0
var327-var448,0.0
var327+var448,0.0
var327*var448,0.0
var327-var250,0.0
var327+var250,0.0
var327-var428,0.0
var327+var347,0.0
var327+var428,0.0
var327*var428,0.0
var327-var266,0.0
var327+var266,0.0
var327*var266,0.0
var327-var153,0.0
var327+var153,0.0
var327*var153,0.0
var327*var347,0.0
var327-var347,0.0
var327-var332,0.0
var327+var160,0.0
var327+var332,0.0
var327*var332,0.0
var327-var375,0.0
var327+var375,0.0
var327-var429,0.0
var327+var429,0.0
var327*var429,0.0
var327-var160,0.0
var327*var160,0.0
var327*var348,0.0
var327-var327,0.0
var389+var389,0.0
var327*var327,0.0
var327-var210,0.0
var327+var210,0.0
var327*var210,0.0
var327-var348,0.0
var327+var348,0.0
var160+var353,0.0
var160*var153,0.0
var429+var153,0.0
var160*var268,0.0
var160+var374,0.0
var160-var155,0.0
var160+var155,0.0
var160*var155,0.0
var160-var163,0.0
var160*var163,0.0
var160-var268,0.0
var160+var268,0.0
var160-var272,0.0
var160+var389,0.0
var160+var272,0.0
var160-var433,0.0
var160+var433,0.0
var160-var166,0.0
var160+var166,0.0
var160*var166,0.0
var160-var449,0.0
var160+var449,0.0
var160-var374,0.0
var160-var389,0.0
var160+var187,0.0
var429+var156,0.0
var429*var153,0.0
var429-var353,0.0
var429+var353,0.0
var429*var353,0.0
var429-var369,0.0
var429+var369,0.0
var429*var369,0.0
var429-var156,0.0
var429*var156,0.0
var429*credit_ldaed,0.0
var429-var286,0.0
var429+var286,0.0
var429*var286,0.0
var429-var209,0.0
var429+var209,0.0
var429*var209,0.0
var429-credit_ldaed,0.0
var429+credit_ldaed,0.0
var160-var187,0.0
var160*var187,0.0
var160+var153,0.0
var160-var250,0.0
var160+var347,0.0
var160*var347,0.0
var160-var267,0.0
var160+var267,0.0
var160*var267,0.0
var160-var448,0.0
var160+var448,0.0
var160*var448,0.0
var160+var250,0.0
var160*var348,0.0
var160*var250,0.0
var160-var428,0.0
var160+var428,0.0
var160*var428,0.0
var160-var266,0.0
var160+var266,0.0
var160*var266,0.0
var160-var153,0.0
var160-var347,0.0
var160+var348,0.0
var160+var434,0.0
var160*var429,0.0
var160*var434,0.0
var160-var332,0.0
var160+var332,0.0
var160-var375,0.0
var160+var375,0.0
var160*var375,0.0
var160-var429,0.0
var160+var429,0.0
var160-var160,0.0
var160-var348,0.0
var160+var160,0.0
var160*var160,0.0
var160-var327,0.0
var160+var327,0.0
var160*var327,0.0
var160-var210,0.0
var160+var210,0.0
var160*var210,0.0
var332+var266,0.0
var332-var266,0.0
var332*var428,0.0
var187+var268,0.0
var187+var374,0.0
var187*var374,0.0
var187-var155,0.0
var187+var155,0.0
var187*var155,0.0
var187-var163,0.0
var187+var163,0.0
var187*var163,0.0
var187*var268,0.0
var187*var389,0.0
var187-var272,0.0
var187+var272,0.0
var187-var433,0.0
var187+var433,0.0
var187*var433,0.0
var187+var166,0.0
var187*var166,0.0
var187-var449,0.0
var187-var374,0.0
var187+var389,0.0
var187*var449,0.0
var449+var156,0.0
var449*var153,0.0
var449-var353,0.0
var449+var353,0.0
var449*var353,0.0
var449-var369,0.0
var449+var369,0.0
var449*var369,0.0
var449-var156,0.0
var449*var156,0.0
var449*credit_ldaed,0.0
var449-var286,0.0
var449+var286,0.0
var449*var286,0.0
var449-var209,0.0
var449+var209,0.0
var449*var209,0.0
var449-credit_ldaed,0.0
var449+credit_ldaed,0.0
var187+var449,0.0
var187-var187,0.0
var449-var153,0.0
var187*var267,0.0
var187-var348,0.0
var187+var348,0.0
var187*var348,0.0
var187-var347,0.0
var187+var347,0.0
var187*var347,0.0
var187-var267,0.0
var187+var267,0.0
var187-var448,0.0
var187+var210,0.0
var187+var448,0.0
var187*var448,0.0
var187-var250,0.0
var187+var250,0.0
var187*var250,0.0
var187-var428,0.0
var187+var428,0.0
var187*var428,0.0
var187*var210,0.0
var187-var210,0.0
var187+var187,0.0
var187+var375,0.0
var187*var187,0.0
var187-var434,0.0
var187+var434,0.0
var187*var434,0.0
var187-var332,0.0
var187+var332,0.0
var187*var332,0.0
var187-var375,0.0
var187*var375,0.0
var187*var327,0.0
var187-var429,0.0
var187+var429,0.0
var187*var429,0.0
var187-var160,0.0
var187+var160,0.0
var187*var160,0.0
var187-var327,0.0
var187+var327,0.0
var449+var153,0.0
var449*var266,0.0
var187+var266,0.0
var449*var268,0.0
var449*var374,0.0
var449-var155,0.0
var449+var155,0.0
var449*var155,0.0
var449-var163,0.0
var449+var163,0.0
var449*var163,0.0
var449+var268,0.0
var449-var272,0.0
var449+var389,0.0
var449*var272,0.0
var449-var433,0.0
var449+var433,0.0
var449-var166,0.0
var449+var166,0.0
var449*var166,0.0
var449-var449,0.0
var449+var449,0.0
var449*var389,0.0
var449-var389,0.0
var449-var187,0.0
var166+var156,0.0
var166*var153,0.0
var166-var353,0.0
var166+var353,0.0
var166*var353,0.0
var166-var369,0.0
var166+var369,0.0
var166*var369,0.0
var166-var156,0.0
var166*var156,0.0
var166*credit_ldaed,0.0
var166-var286,0.0
var166+var286,0.0
var166*var286,0.0
var166-var209,0.0
var166+var209,0.0
var166*var209,0.0
var166-credit_ldaed,0.0
var166+credit_ldaed,0.0
var449*var449,0.0
var449+var187,0.0
var449+var266,0.0
var449-var448,0.0
var449+var348,0.0
var449*var348,0.0
var449-var347,0.0
var449+var347,0.0
var449*var347,0.0
var449-var267,0.0
var449+var267,0.0
var449*var267,0.0
var449+var448,0.0
var449*var210,0.0
var449*var448,0.0
var449-var250,0.0
var449+var250,0.0
var449*var250,0.0
var449-var428,0.0
var449+var428,0.0
var449*var428,0.0
var449-var266,0.0
var449-var348,0.0
var449+var210,0.0
var449*var187,0.0
var449*var375,0.0
var449-var434,0.0
var449+var434,0.0
var449*var434,0.0
var449-var332,0.0
var449+var332,0.0
var449*var332,0.0
var449-var375,0.0
var449+var375,0.0
var449-var429,0.0
var449-var210,0.0
var449+var429,0.0
var449*var429,0.0
var449-var160,0.0
var449+var160,0.0
var449*var160,0.0
var449-var327,0.0
var449+var327,0.0
var449*var327,0.0
var187-var266,0.0
var187*var266,0.0
var332+var428,0.0
var332*var163,0.0
var332-var374,0.0
var332+var374,0.0
var332*var374,0.0
var332-var155,0.0
var332+var155,0.0
var332*var155,0.0
var332-var163,0.0
var332+var163,0.0
var332-var268,0.0
var332+var389,0.0
var332+var268,0.0
var332-var272,0.0
var332+var272,0.0
var332*var272,0.0
var332-var433,0.0
var332+var433,0.0
var332*var433,0.0
var332-var166,0.0
var332*var389,0.0
var332-var389,0.0
var332*var166,0.0
var434+var156,0.0
var434*var153,0.0
var434-var353,0.0
var434+var353,0.0
var434*var353,0.0
var434-var369,0.0
var434+var369,0.0
var434*var369,0.0
var434-var156,0.0
var434*var156,0.0
var434*credit_ldaed,0.0
var434-var286,0.0
var434+var286,0.0
var434*var286,0.0
var434-var209,0.0
var434+var209,0.0
var434*var209,0.0
var434-credit_ldaed,0.0
var434+credit_ldaed,0.0
var332+var166,0.0
var332-var449,0.0
var434-var153,0.0
var332-var267,0.0
var332+var210,0.0
var332*var210,0.0
var332-var348,0.0
var332+var348,0.0
var332*var348,0.0
var332-var347,0.0
var332+var347,0.0
var332*var347,0.0
var332+var267,0.0
var332*var327,0.0
var332*var267,0.0
var332-var448,0.0
var332+var448,0.0
var332*var448,0.0
var332-var250,0.0
var332+var250,0.0
var332*var250,0.0
var332-var428,0.0
var332-var210,0.0
var332+var327,0.0
var332+var449,0.0
var332*var332,0.0
var332*var449,0.0
var332+var187,0.0
var332*var187,0.0
var332-var434,0.0
var332+var434,0.0
var332*var434,0.0
var332-var332,0.0
var332+var332,0.0
var332-var375,0.0
var332-var327,0.0
var332+var375,0.0
var332*var375,0.0
var332-var429,0.0
var332+var429,0.0
var332*var429,0.0
var332-var160,0.0
var332+var160,0.0
var332*var160,0.0
var434+var153,0.0
var434*var266,0.0
var187-var153,0.0
var434*var163,0.0
var434*var389,0.0
var434-var374,0.0
var434+var374,0.0
var434*var374,0.0
var434-var155,0.0
var434+var155,0.0
var434-var163,0.0
var434+var163,0.0
var434-var268,0.0
var434-var389,0.0
var434+var268,0.0
var434-var272,0.0
var434+var272,0.0
var434*var272,0.0
var434-var433,0.0
var434+var433,0.0
var434*var433,0.0
var434-var166,0.0
var434+var389,0.0
var187*credit_ldaed,0.0
var434*var166,0.0
var187-var156,0.0
var187+var153,0.0
var187*var153,0.0
var187-var353,0.0
var187+var353,0.0
var187*var353,0.0
var187-var369,0.0
var187+var369,0.0
var187*var369,0.0
var187+var156,0.0
var187+credit_ldaed,0.0
var187*var156,0.0
var187-var286,0.0
var187+var286,0.0
var187*var286,0.0
var187-var209,0.0
var187+var209,0.0
var187*var209,0.0
var187-credit_ldaed,0.0
var434+var166,0.0
var434-var449,0.0
var434+var266,0.0
var434-var448,0.0
var434+var348,0.0
var434*var348,0.0
var434-var347,0.0
var434+var347,0.0
var434*var347,0.0
var434-var267,0.0
var434+var267,0.0
var434*var267,0.0
var434+var448,0.0
var434*var210,0.0
var434*var448,0.0
var434-var250,0.0
var434+var250,0.0
var434*var250,0.0
var434-var428,0.0
var434+var428,0.0
var434*var428,0.0
var434-var266,0.0
var434-var348,0.0
var434+var210,0.0
var434*var449,0.0
var434*var375,0.0
var434+var187,0.0
var434-var434,0.0
var434+var434,0.0
var434-var332,0.0
var434+var332,0.0
var434*var332,0.0
var434-var375,0.0
var434+var375,0.0
var434-var429,0.0
var434-var210,0.0
var434+var429,0.0
var434*var429,0.0
var434-var160,0.0
var434+var160,0.0
var434*var160,0.0
var434-var327,0.0
var434+var327,0.0
var434*var327,0.0
var327+var327,0.0
